i,URL,Green Hosting,Bytes,Cleaner Than %,Statistics: Adjusted Bytes,Statistics: Energy (KWG),"Statistics: CO2 Grams, Grid","Statistics: CO2 Litres, Grid","Statistics: CO2 Grams, Renewable","Statistics: CO2 Litres, Renewable",Gathered At:
41527,https://lematin.ma/,True,304084175,0.0,229583552.125,0.1731912393320817,76.55052778478013,42.5774035538947,66.36688291205373,36.91326027568427,2022-05-15 12:40:01
40959,https://porno-island.site/,True,221431538,0.0,167180811.19,0.1261164034380577,55.74345031962152,31.004507067773485,48.32780579746373,26.879925584549323,2022-05-15 10:19:45
36484,https://warnerbrosgames.com/,False,174746287,0.0,131933446.685,0.0995268037681002,43.9908472655003,24.467709249071262,38.138671203936006,21.212728923629204,2022-05-14 10:05:08
39068,https://www.cuntempire.com/,False,173488420,0.0,130983757.1,0.0988103852150961,43.67419026507251,24.291584625433327,37.86413961442486,21.0600344535431,2022-05-14 13:04:43
18209,https://www.ittefaq.com.bd/,True,158429770,0.0,119614476.35,0.090233726281207,39.88330701629352,22.183095362462453,34.57756391095855,19.232041047275143,2022-05-06 14:01:03
20720,https://vnexplorer.net/,False,153772730,0.0,116098411.15,0.0875813076565973,38.71093798421603,21.53102370682096,33.56115709400811,18.666715575687306,2022-05-06 19:19:45
22691,https://www.xdraco.com/,False,144149539,0.0,108832901.945,0.0821004161382559,36.28838393310914,20.1835991435953,31.46087946417969,17.49854115797674,2022-05-07 09:09:13
43628,https://www.mbs1179.com/,False,131234648,0.0,99082159.24,0.0747447358299046,33.03717323681787,18.375275754318096,28.64218277001948,15.93078205668483,2022-05-17 09:41:45
2593,https://2m.ma/ar,True,110049081,1.0,83087056.155,0.0626784893549513,27.70389229488848,15.408904894416969,24.018397120817344,13.359032478598603,2022-05-04 17:34:15
47472,https://www.tucao.in/,True,103846179,1.0,78403865.145,0.0591456245327834,26.142366043490263,14.540383993389282,22.6646033209626,12.606052367119396,2022-05-19 12:00:56
38121,https://aausports.org/,False,97617290,1.0,73701053.95,0.0555979588064365,24.57429779244494,13.668224432157874,21.30513781462648,11.849917652495243,2022-05-14 12:19:48
23435,https://www.ocps.net/,False,97556772,1.0,73655362.86,0.0555634907601401,24.559062915981936,13.65975079386915,21.2919296592857,11.842571276494704,2022-05-07 10:01:14
49917,https://blacktoon170.com/,True,94928452,1.0,71670981.26,0.0540665302617475,23.897406375692416,13.29173742616012,20.718294396301665,11.523515343222982,2022-05-20 08:52:05
49326,https://www.hindusthansamachar.in/,True,93740776,1.0,70774285.88,0.0533900890152901,23.59841934475824,13.125440839554532,20.459082110659185,11.379341469948637,2022-05-20 08:42:47
37921,https://www.radikaltechnologies.com/,True,92432599,1.0,69786612.245,0.0526450163856614,23.26909724246236,12.94227188625756,20.173570278985466,11.220539789171712,2022-05-14 12:17:24
30438,https://geniussports.com/,True,92308066,1.0,69692589.83,0.0525740885755978,23.23774715041425,12.924834965060404,20.1463907421691,11.20542253079445,2022-05-12 14:57:05
30835,https://app.gala.games/,True,90907148,1.0,68634896.74,0.051776195279695,22.88507831362523,12.72868055803835,19.84063803117916,11.035362872941848,2022-05-12 17:15:04
13782,https://warface.com/en/,False,90812529,1.0,68563459.395,0.0517223049979191,22.86125880908025,12.715432149610436,19.819987275202607,11.023876922467688,2022-05-06 09:59:46
48145,https://www.xtremetop100.com/,True,90641882,1.0,68434620.91,0.0516251129443757,22.81829992141407,12.691538416290504,19.78274328028478,11.003161812494392,2022-05-20 07:27:27
7429,https://onejav.com/,True,88715525,1.0,66980221.375,0.0505279556976165,22.33335641834652,12.421812839884334,19.36231262332668,10.769318281094291,2022-05-05 10:31:09
15567,https://www.kwai.com/,False,87543329,1.0,66095213.395,0.0498603310901206,22.038266341833307,12.257683739327684,19.10647887373422,10.62702354957097,2022-05-06 11:37:50
38485,https://femme4.com/,True,87133608,1.0,65785874.04,0.0496269743632525,21.93512266855761,12.200315228251744,19.017056575998367,10.57728686757029,2022-05-14 12:41:23
25896,https://ftopx.com/,True,86405156,1.0,65235892.78,0.0492120842931792,21.751741257585216,12.098318487468894,18.85807070114628,10.488858923977558,2022-05-10 16:31:20
43120,https://www.studiesweekly.com/,False,85323855,1.0,64419510.525,0.0485962289620656,21.47953320123301,11.946916366525802,18.62207493826356,10.357598080662193,2022-05-16 12:53:55
3095,https://www.cgtn.com/,False,84544305,1.0,63830950.275,0.0481522360097151,21.283288316294087,11.837764961522767,18.45193683892284,10.26296726980888,2022-05-04 18:25:12
43462,https://gto.ru/,False,83556391,1.0,63085075.205,0.0475895692743826,21.03458961927714,11.699438746241942,18.23632294594344,10.14304282253374,2022-05-17 09:12:03
17797,https://tiff.net/,False,78846402,1.0,59529033.51,0.0449069935298524,19.8488911401948,11.039953252176344,17.208359920639474,9.571289787859673,2022-05-06 13:42:33
43811,https://snkrdunk.com/,False,78818101,1.0,59507666.255,0.0448908746862318,19.84176661131448,11.035990589213108,17.202183179764045,9.56785428458476,2022-05-17 09:50:45
20805,https://www.whoop.com/,True,78634383,1.0,59368959.165,0.0447862380404491,19.795517213878504,11.010266674359222,17.1620864171001,9.545552465191074,2022-05-06 19:15:47
50469,https://www.attn.com/,True,78475966,1.0,59249354.33,0.0446960115873254,19.755637121597864,10.98808536703273,17.12751164026313,9.526321974314351,2022-05-21 08:46:49
4041,https://axieinfinity.com/,True,78336157,1.0,59143798.535,0.0446163833265658,19.720441430342103,10.968509523556277,17.096998090740033,9.509350338069604,2022-05-04 17:24:22
15030,https://camwhores.film/,False,78004928,1.0,58893720.64,0.0444277317434549,19.63705743060708,10.922131342903656,17.024706804091934,9.469141924435933,2022-05-06 10:57:56
36727,https://camlovers.tv/,False,77923157,1.0,58831983.535,0.0443811590441968,19.616472297535,10.910681891888965,17.006860145736226,9.459215613058488,2022-05-14 10:13:30
26911,https://camwhores.tube/,False,77918816,1.0,58828706.08,0.0443786866262555,19.615379488804937,10.910074071673304,17.005912715181115,9.458688652183737,2022-05-11 11:12:35
38595,https://camwhores.rip/,False,77902065,1.0,58816059.075,0.0443691460888367,19.61116257126583,10.907728622138052,17.002256781242234,9.45665522172693,2022-05-14 12:41:39
34509,https://frameweb.com/,False,76591247,1.0,57826391.485,0.0436225692768115,19.28117562035071,10.724189880039065,16.71616854687419,9.297532945771422,2022-05-13 13:00:28
36683,https://loot.tv/,True,76545169,1.0,57791602.595,0.0435963255371432,19.26957588741733,10.717738108581516,16.706111945833307,9.291939464272485,2022-05-14 10:04:47
39334,https://freedirtygame.com/HouseOfSluts_v1/?clickid=w7egs7gsu65kdd5g25l29af6&country=NL&m1=Chrome-Lighthouse&m2=Netherlands&voluum_id=3cb6586c-d759-4aba-9493-e8aab4deced0&tsource=adult%20game%20-%20our%20offers%20%28%D1%82%D1%80%D0%B0%D1%84%D0%B8%D0%BA%20%D1%81%20freedirtygame.com%29&campaign=3cb6586c-d759-4aba-9493-e8aab4deced0&base=%7Btsource%7D&partner=BC,False,76379065,1.0,57666194.075,0.0435017209507059,19.227760660212024,10.694480479209926,16.66985946831052,9.27177583627431,2022-05-14 13:20:12
19527,https://www.niceoppai.net/,True,75391355,1.0,56920473.025,0.0429391704036388,18.979113318408373,10.556182827698736,16.454290098674413,9.151876152882709,2022-05-06 18:44:52
45979,https://www.diablofans.com/,True,74909733,1.0,56556848.415,0.042664862439176,18.85786919811582,10.48874684799202,16.349175286692272,9.09341129445824,2022-05-18 16:34:18
34906,https://camwhores.biz/,False,74325594,1.0,56115823.47,0.0423321658845059,18.71081732095164,10.406956593913296,16.221685966942687,9.02250173481352,2022-05-13 14:22:21
38336,https://www.tuvsud.com/de-de,False,73312572,1.0,55350991.86,0.0417551988797262,18.455797904838995,10.265114794671447,16.000592210711098,8.89952938759751,2022-05-14 12:41:30
6092,https://frame.io/,True,72388587,1.0,54653383.185,0.0412289429268334,18.22319277366037,10.135739820709896,15.798930929562566,8.787365383022697,2022-05-04 19:31:27
1506,https://www.coindesk.com/,False,72011153,1.0,54368420.515,0.0410139752711635,18.12817706985427,10.082892086252944,15.71655532390986,8.741548071158663,2022-05-04 17:27:02
520,https://www.fastcompany.com/,False,71686292,1.0,54123150.46,0.0408289505844935,18.046396158346163,10.037405543272133,15.645653863977945,8.70211267914453,2022-05-04 17:25:45
15863,https://www.virgingalactic.com/,True,71074978,1.0,53661608.39,0.0404807764998637,17.89250321293976,9.951810287037093,15.51223355474778,8.627904303150713,2022-05-06 11:48:23
20687,https://uni-corn.net/,False,70727035,1.0,53398911.425,0.0402826054526958,17.80491161009157,9.903091837532928,15.436294409473057,8.58566695054891,2022-05-06 19:19:03
41980,https://drunkenstepfather.com/,False,70406987,1.0,53157275.185,0.0401003220117185,17.72434232917959,9.858279203489683,15.366443394890544,8.54681581623812,2022-05-15 12:55:26
28480,http://www.pfl.az/,True,70094643,1.0,52921455.465,0.0399224263864103,17.645712462793384,9.814545271805676,15.298273791272456,8.508899882705737,2022-05-12 12:46:40
4296,https://camwhores.tv/,True,69894724,1.0,52770516.62,0.0398085624558851,17.59538460550122,9.786552917579776,15.254641133095175,8.484631398227537,2022-05-04 18:55:37
5809,https://www.fastcompany.com/co-design,False,69146214,1.0,52205391.57,0.039382248345483,17.406953768703527,9.6817476861529,15.091277565989126,8.39376858220315,2022-05-04 19:23:43
6461,https://steamunlocked.net/,True,68858880,1.0,51988454.4,0.0392185971736908,17.334619950771334,9.641515616619014,15.028566436958316,8.358888652236214,2022-05-04 19:47:04
11802,https://www.tuvsud.com/en,True,67576952,1.0,51020598.76,0.038488474670425,17.011905804327874,9.462022008367162,14.748783493706885,8.203273379199768,2022-05-05 18:16:53
46335,https://olivet.edu/,False,67313534,1.0,50821718.17,0.0383384448640979,16.945592629931312,9.425138620767791,14.691292071922351,8.17129665040321,2022-05-19 10:09:34
34315,https://webeden.co.uk/,True,66796929,1.0,50431681.395,0.0380442123207729,16.815541845781638,9.352804374623746,14.578542161320192,8.10858515012629,2022-05-13 12:59:22
44561,https://www.mangoboard.net/,False,65508230,1.0,49458713.65,0.037310233392287,16.491123159390874,9.172362701253205,14.2972814359244,7.952147934661149,2022-05-18 12:00:56
23859,https://www.bellaonline.com/,False,63431188,1.0,47890546.94,0.0361272534554824,15.96824602732323,8.881538440397179,13.843963524140865,7.700012512127147,2022-05-07 10:37:50
25374,https://www.captechu.edu/,False,62757611,1.0,47381996.305,0.0357436174592468,15.798678916987123,8.787225213628238,13.69695421038341,7.618245931815252,2022-05-10 16:11:59
44255,https://www.lifeloveandsugar.com/,True,62675802,1.0,47320230.51,0.0356970231170766,15.77808421774786,8.775770441911359,13.679099258463756,7.60831500755754,2022-05-18 11:42:31
40519,https://nei.org/home,True,62526379,1.0,47207416.145,0.0356119191995356,15.740468286194748,8.754848460781517,13.646487437262056,7.590176312605153,2022-05-15 10:05:11
28621,https://www.leadertelegram.com/,False,62394318,1.0,47107710.09,0.0355367038146592,15.7072230860794,8.73635748047736,13.617664901777434,7.574145218368607,2022-05-12 12:46:30
43951,https://okkisokuho.com/,False,62007754,1.0,46815854.27,0.0353165361645631,15.609908984736917,8.68223137731067,13.533296658260603,7.527219601324546,2022-05-17 10:06:48
15456,https://mod.gov.az/,False,60786746,1.0,45893993.23,0.0346211106668226,15.302530914735607,8.511267694775944,13.266809607526437,7.378999503706202,2022-05-06 11:34:09
31402,https://www.vikacg.com/,True,60751953,1.0,45867724.515,0.0346012943025212,15.293772081714405,8.506396031849551,13.259215976726155,7.3747759262550865,2022-05-12 17:29:38
51236,https://www.qsc.com/,False,60551258,1.0,45716199.79,0.0344869884009473,15.24324887321871,8.478295023284245,13.21541395524301,7.35041324190616,2022-05-21 10:11:14
48613,https://washcoll.edu/,False,60314861,1.0,45537720.055,0.0343523484138306,15.183737998913138,8.445195074995485,13.163819912179898,7.321716635154458,2022-05-20 07:51:22
46670,https://www.redrocksonline.com/,False,59896370,1.0,45221759.35,0.0341139967306517,15.078386554948054,8.386598601862106,13.072483547185737,7.270915348944705,2022-05-19 10:21:44
26704,https://gfan.com/,False,59712381,1.0,45082847.655,0.0340092057367321,15.032068935635596,8.360836742000515,13.032327638315747,7.248580632431217,2022-05-11 11:17:56
11751,https://www.ussoccer.com/,False,59612248,1.0,45007247.24,0.0339521749544888,15.006861329884083,8.346816271681526,13.01047344256014,7.236425328751948,2022-05-05 18:16:53
8213,https://www.maxon.net/en/,True,58862692,1.0,44441332.46,0.0335252650944516,14.818167171747612,8.24186458092602,12.84688158419386,7.145435537128623,2022-05-05 11:12:13
18991,https://manga168.com/,True,58612158,1.0,44252179.29,0.0333825733744539,14.755097431508638,8.206785191405103,12.79220211709075,7.115022817525873,2022-05-06 18:23:57
21941,https://porncoven.com/,True,57747358,1.0,43599255.29,0.0328900262572802,14.537391605717875,8.08569721110028,12.603458061789798,7.010043373967484,2022-05-07 08:23:45
6496,https://aawsat.com/,True,56581076,1.0,42718712.38,0.0322257699703797,14.24379032690786,7.92239617982615,12.348915052649527,6.8684665522836665,2022-05-04 19:47:31
48685,https://www.trefis.com/,False,56508965,1.0,42664268.575,0.0321846991272177,14.22563701423025,7.912299307314863,12.333176705549846,6.859712883626823,2022-05-20 07:51:38
20047,https://www.beyondmeat.com/en-US,True,56293096,1.0,42501287.48,0.0320617508690804,14.171293884133547,7.882073658355078,12.28606293303162,6.833508203352186,2022-05-06 19:04:43
3141,https://sdamgia.ru/,True,56263929,1.0,42479266.395,0.0320451387948822,14.163951347337946,7.877989739389364,12.27969718619887,6.829967574963811,2022-05-04 18:25:36
6587,https://www.optica.org/en-us/home/,False,56034790,1.0,42306266.45,0.0319146326039917,14.106267610964366,7.845906045218379,12.229687213849653,6.802152028343175,2022-05-04 19:49:24
10982,https://www.cpr.org/,False,55789527,1.0,42121092.885,0.0317749429837334,14.044524798810205,7.811564693098234,12.176158151366677,6.772379163790143,2022-05-05 17:07:24
2939,https://financialpost.com/,True,55542971,1.0,41934943.105,0.0316345169349107,13.98245648523057,7.7770422970852415,12.122346889457816,6.742449339916436,2022-05-04 15:44:52
36275,https://modian.com/,False,55331651,1.0,41775396.505,0.0315141595611814,13.9292585260422,7.74745359218467,12.076225943844731,6.716796869966439,2022-05-13 15:13:52
19937,https://u-szeged.hu/,False,54648595,1.0,41259689.225,0.0311251247974578,13.757305160476362,7.651813130256951,11.927147822385844,6.6338796188110045,2022-05-06 19:02:18
11368,https://theprovince.com/,True,54576304,1.0,41205109.52,0.0310839514352381,13.739106534375251,7.641691054419514,11.911370189983252,6.625104099668683,2022-05-05 17:43:00
47526,https://doceree.com/us/,False,54469572,1.0,41124526.86,0.0310231621904298,13.71223768817,7.626746602160153,11.888075751372725,6.612147732913508,2022-05-19 12:15:05
38826,https://www.metroweekly.com/,False,54098868,1.0,40844645.34,0.0308120276084169,13.618916202920303,7.574841192064272,11.807168979545388,6.567147386423144,2022-05-14 12:58:55
29600,https://www.scjohnson.com/,True,53487681,1.0,40383199.155,0.0304639258566778,13.465055228651597,7.489263718176016,11.673776388278942,6.492954427160746,2022-05-12 13:57:07
50866,https://www.editionhotels.com/,False,53481842,1.0,40378790.71,0.0304606002523563,13.463585311541522,7.488446150279393,11.672502016702968,6.49224562169019,2022-05-21 09:24:44
51948,https://coin98.net/,True,53217404,1.0,40179140.02,0.0303099895047023,13.397015361078456,7.451419943831836,11.614787978201958,6.460145073475928,2022-05-21 14:49:50
232,https://www.healthline.com/,False,53161561,1.0,40136978.555,0.0302781841061543,13.382957374920233,7.443600891930631,11.602600149478356,6.45336620313986,2022-05-04 17:20:30
35378,http://bongstreams.com/events/,True,53011341,1.0,40023562.455,0.0301926262570079,13.345140805597511,7.4225673160733345,11.569814381685443,6.435130759093443,2022-05-13 14:42:45
20177,https://www.universalmusic.com/,False,53006302,1.0,40019758.01,0.0301897562929429,13.343872281480769,7.421861762959601,11.568714611455723,6.434519066891672,2022-05-06 19:09:55
22464,https://www.sportekz.com/,True,52777402,1.0,39846938.51,0.030059386224579,13.286248711263948,7.389811533205006,11.5187568012587,6.406732532860088,2022-05-07 08:57:59
44711,https://cymatics.fm/,True,52660112,1.0,39758384.56,0.0299925836674869,13.256721981029214,7.373388765848447,11.493158061380983,6.392494513740102,2022-05-18 12:23:41
24009,https://www.beautiful.ai/,True,52629698,1.0,39735421.99,0.029975261364039,13.249065522905257,7.369130243839901,11.48652015469976,6.388802510044006,2022-05-07 10:44:42
16080,https://www.fyber.com/,True,52520676,1.0,39653110.38,0.0299131678489968,13.221620189256596,7.353865149264517,11.462725919735584,6.3755681565569295,2022-05-06 12:01:20
40148,https://www.tvigle.ru/,False,52276761,1.0,39468954.555,0.0297742459825705,13.160216724296196,7.3197125420535425,11.409491060521043,6.345958927861804,2022-05-15 09:10:42
45907,https://yot.org.hk/,True,51733957,1.0,39059137.535,0.0294650917903985,13.023570571356172,7.243709951788301,11.291023174080738,6.280067089423706,2022-05-18 16:29:14
24919,https://www.nio.com/,True,51642237,1.0,38989888.935,0.0294128526350017,13.00048086467078,7.230867456929887,11.271005129732677,6.268933053157314,2022-05-10 15:42:25
42620,https://ndmais.com.br/,False,51521655,1.0,38898849.525,0.0293441751182545,12.970125402268488,7.2139837487417315,11.244687905315123,6.254295412936271,2022-05-16 12:08:59
12626,https://www.criterion.com/,True,51190408,1.0,38648758.04,0.0291555132832378,12.886736871191117,7.167603047756496,11.172392690136732,6.214084814254049,2022-05-05 18:54:30
38878,https://www.mskagency.ru/,False,51078114,1.0,38563976.07,0.0290915561995469,12.858467840199731,7.1518798127190895,11.147884335666374,6.200453267497636,2022-05-14 12:58:56
755,https://www.sharethrough.com/,True,51011048,1.0,38513341.24,0.0290533587377518,12.841584562086314,7.142489333432406,11.133247068306508,6.192312019392078,2022-05-04 15:38:39
46272,https://www.team17.com/,True,51005998,1.0,38509528.49,0.0290504825086332,12.840313268815915,7.14178224011541,11.132144897308278,6.191698991882863,2022-05-19 10:10:25
5976,https://eero.com/,True,50957483,1.0,38472899.665,0.0290228507748339,12.828100042476596,7.1349892436254825,11.121556416916365,6.18580967908888,2022-05-04 19:30:34
18669,https://mym.fans/,False,50368767,1.0,38028419.085,0.0286875473883468,12.679895945649315,7.0525581249701474,10.993068159214523,6.114344510155116,2022-05-06 14:32:12
13600,https://simplified.co/,True,50205532,1.0,37905176.66,0.028594576841779,12.638802964066342,7.029702208613698,10.957441845769733,6.094529154617124,2022-05-06 09:38:59
14246,https://wtechnews.com/,True,50155642,1.0,37867509.71,0.028566161976289,12.62624359351974,7.022716686715678,10.94655326931395,6.088472928392418,2022-05-06 10:21:45
26912,https://www.mikmak.com/,True,49483244,1.0,37359849.22,0.0281831974798813,12.456973286107557,6.9285685417330205,10.799801274290532,6.006849468760393,2022-05-11 11:21:25
49805,https://denverite.com/,False,49451105,1.0,37335584.275,0.0281648927021306,12.448882574341726,6.924068487848866,10.792786883456449,6.002948064578475,2022-05-20 08:51:08
38939,https://www.nextpit.de/,True,49444734,1.0,37330774.17,0.0281612640970386,12.447278730891089,6.923176430121622,10.791396401985216,6.0021746787841765,2022-05-14 13:02:40
7707,https://tcafe2a.com/,True,49377541,1.0,37280043.455,0.0281229943023528,12.430363481639978,6.913768168488154,10.77673141666163,5.994018013947197,2022-05-05 10:41:55
13762,https://otakuworldgames.com/,True,49374902,1.0,37278051.01,0.028121491259057,12.429699136503228,6.913398659723094,10.776155450470672,5.993697661551787,2022-05-06 09:57:25
4161,https://triblive.com/,True,49179690,1.0,37130665.95,0.0280103082018904,12.380556225235576,6.886065372476026,10.733550102964418,5.970000567268809,2022-05-04 17:20:27
43687,https://www.physiciansweekly.com/,True,49016295,1.0,37007302.725,0.0279172465272713,12.339422965053936,6.863187053162998,10.69788886925038,5.950165789077061,2022-05-17 09:41:59
49596,https://assetmantle.one/,True,48896773,1.0,36917063.615,0.0278491727338638,12.309334348367807,6.846451764562173,10.671802991616616,5.935656823937161,2022-05-20 08:49:02
51753,https://noxx.is/,True,48777513,1.0,36827022.315,0.0277812481626402,12.279311687886995,6.8297531608027455,10.645774295923747,5.921179663392788,2022-05-21 14:43:30
10281,https://solscan.io/,True,48771252,1.0,36822295.26,0.0277776822080835,12.277735535972935,6.828876505108147,10.644407822137625,5.920419630672946,2022-05-05 13:29:36
50611,https://www.thrashermagazine.com/,True,48712719,1.0,36778102.845,0.0277443447191733,12.263000365874635,6.820680803499472,10.631632896387243,5.913314216970584,2022-05-21 08:49:40
22647,https://studyinternational.com/,True,48624040,1.0,36711150.2,0.0276938375663012,12.240676204305144,6.80826410483452,10.612278555406633,5.902549332517168,2022-05-07 09:09:09
30667,https://www.fcinternews.it/,True,48385787,1.0,36531269.185,0.0275581404937896,12.180698098255045,6.774904282249453,10.560279437220212,5.873627422981881,2022-05-12 14:57:44
4440,https://www.onlinekhabar.com/,True,47805497,1.0,36093150.235,0.0272276361383032,12.034615173130016,6.693652959294915,10.43363016819779,5.80318509955161,2022-05-04 18:52:53
24909,https://gamecopyworld.com/games/index.php,True,47670710,1.0,35991386.05,0.0271508681592531,12.000683726389893,6.674780288618057,10.404212678625807,5.786823091851673,2022-05-10 15:35:08
977,https://www.cbssports.com/,False,47212395,1.0,35645358.225,0.0268898347041104,11.885306939216798,6.610607719592382,10.304184658615108,5.731187507121722,2022-05-04 15:39:10
25110,https://www.yjwujian.cn/,False,47115916,1.0,35572516.58,0.0268348850587382,11.861019195962324,6.597098876794243,10.283127954508512,5.7194757682976345,2022-05-10 16:10:59
21225,https://www.usatf.org/,False,47111677,1.0,35569316.135,0.0268324707349296,11.859952064838913,6.596505338463402,10.282202785625048,5.71896118936465,2022-05-06 19:40:13
18164,https://www.readwritethink.org/,False,47097105,1.0,35558314.275,0.0268241712476592,11.85628369146539,6.594464989193048,10.279022422103026,5.717192271173702,2022-05-06 14:00:05
44453,https://hindilinks4u.cam/,True,46948533,1.0,35446142.415,0.026739552017441,11.818881991708931,6.573662163788506,10.2465963330834,5.699156880460985,2022-05-18 11:50:06
13518,https://www.visitcalifornia.com/,False,46786178,1.0,35323564.39,0.0266470826751552,11.778010542418622,6.550929463693237,10.211162081119497,5.679448349518662,2022-05-06 09:26:50
39271,https://www.ineteconomics.org/,True,46766168,1.0,35308456.84,0.0266356859732419,11.772973200172933,6.548127693936184,10.206794864946309,5.677019303883136,2022-05-14 13:19:22
37886,https://avexnet.jp/,False,46403814,1.0,35034879.57,0.0264293071364052,11.681753754291126,6.497391438136723,10.127710494670495,5.6330325771357295,2022-05-14 12:18:04
22221,https://www.sinoclick.com/,False,46121688,1.0,34821874.44,0.0262686221826821,11.610731004745514,6.457888584839454,10.066136020403803,5.598784854548594,2022-05-07 08:32:02
20455,https://www.bohemia.net/,False,45807064,1.0,34584333.32,0.0260894279826432,11.531527168328315,6.413835411024209,9.997468802948896,5.560592148200174,2022-05-06 19:19:23
13871,https://hpplus.jp/,False,45724127,1.0,34521715.885,0.0260421911877114,11.510648504968453,6.4022226984634525,9.979367663131022,5.550524294233473,2022-05-06 10:06:16
28624,https://cartrawler.com/ct/en-gb/,False,45363097,1.0,34249138.235,0.0258365664354991,11.41976236449061,6.351671827129676,9.900572258083264,5.50669828994591,2022-05-12 12:46:59
45643,https://www.runrocknroll.com/,False,45248603,1.0,34162695.265,0.025771356341103,11.390939502767568,6.33564055143932,9.875583749910708,5.492799681700334,2022-05-18 13:18:23
39385,https://www.freeuseporn.com/,True,45195938,1.0,34122933.19,0.0257413609734736,11.37768155027535,6.328266478263148,9.8640895250351,5.486406593824522,2022-05-14 13:22:35
11343,https://kit.co/,False,45107595,1.0,34056234.225,0.0256910451895091,11.355441973763051,6.315896825807009,9.844808516619915,5.475682496943997,2022-05-05 17:28:24
10254,https://bsu.edu/,True,44453426,1.0,33562336.63,0.025318463025894,11.190760657445155,6.224301077670996,9.70203503152259,5.396271884532863,2022-05-05 13:29:37
31616,https://www.4gtv.tv/,False,44376444,1.0,33504215.22,0.0252746179031208,11.1713811131794,6.2135221751503815,9.685233580475897,5.386926917460693,2022-05-12 17:51:25
9478,https://www.freightwaves.com/,False,44374717,1.0,33502911.335,0.0252736342897173,11.17094635605505,6.213280363237817,9.684856659819673,5.3867172741917,2022-05-05 12:13:46
15233,https://nbblog.jp/,True,44097998,1.0,33293988.49,0.0251160288945771,11.101284771403112,6.174534589854409,9.624462272401974,5.353125915909977,2022-05-06 11:13:08
45072,https://vfc.com/,False,43981826,1.0,33206278.63,0.0250498630947433,11.072039487876555,6.15826836315694,9.599107537905647,5.339023612583121,2022-05-18 12:44:57
5134,https://www.meipian.cn/,False,43967887,1.0,33195754.685,0.0250419241328258,11.068530466709008,6.156316645583548,9.596065327698849,5.337331535266099,2022-05-04 19:20:40
42412,https://uniquethis.com/,False,43960634,1.0,33190278.67,0.0250377931843511,11.06670458748322,6.155301091558166,9.594482348243371,5.336451082092963,2022-05-16 11:49:18
5207,https://cyol.com/,False,43589922,1.0,32910391.11,0.0248266540459357,10.973381088303588,6.103394561314454,9.513573830402567,5.291449764469908,2022-05-04 19:16:54
13973,https://www.juventus.com/it,True,43301198,1.0,32692404.49,0.0246622111991979,10.90069735004548,6.062967866095295,9.450559331532643,5.256401100198456,2022-05-06 10:10:38
4939,https://www.livenation.com/,False,43297282,1.0,32689447.91,0.0246599808401428,10.899711531343126,6.062419553733045,9.449704657942728,5.2559257307477445,2022-05-04 19:07:52
17780,https://wax.atomichub.io/,True,43141319,1.0,32571695.845,0.0245711520635057,10.860449212069527,6.040581851753071,9.415665470735394,5.236993134823026,2022-05-06 13:42:47
9895,https://www.ironman.com/,True,42888403,1.0,32380744.265,0.0244271036746446,10.796779824192916,6.005168938216099,9.360466128123814,5.206291260462464,2022-05-05 12:58:31
37549,https://extremereach.com/,True,42871198,1.0,32367754.49,0.0244173045613802,10.792448616130091,6.002759920291555,9.356711107920932,5.204202718225621,2022-05-14 11:55:11
23070,https://www.ipu.org/,True,42809880,1.0,32321459.4,0.0243823808748275,10.777012346673756,5.994174267219942,9.3433283512339,5.196759228956294,2022-05-07 09:33:10
2773,https://www.elastic.co/,True,42787324,1.0,32304429.62,0.0243695340977981,10.771334071226793,5.99101601041634,9.33840546627626,5.194021120342855,2022-05-04 17:33:31
12558,https://elon.edu/,False,42729048,1.0,32260431.24,0.0243363429833203,10.756663598627595,5.982856293556668,9.325686631208365,5.1869469042780905,2022-05-05 18:52:25
3190,https://www.houstonchronicle.com/,False,42631626,1.0,32186877.63,0.024280856251996,10.732138463382237,5.969215413333199,9.304424115764872,5.175120693188421,2022-05-04 18:24:27
47549,https://exploitedcollegegirls.com/,False,42573073,1.0,32142670.115,0.0242475073720794,10.717398258459102,5.961016911354951,9.291644824980835,5.16801285165434,2022-05-19 12:15:30
44762,https://sfedu.ru/,False,42458239,1.0,32055970.445,0.0241821036305744,10.688489804713894,5.944938029381867,9.26658211123612,5.154072970269529,2022-05-18 12:26:45
51947,https://www.kspub.co.jp/,False,42434173,1.0,32037800.615,0.0241683968325611,10.682431399992016,5.941568344675558,9.261329666237424,5.151151560361255,2022-05-21 14:52:44
51114,https://www.lifefitness.com/en-us/,False,42427471,1.0,32032740.605,0.024164579706313,10.680744230190388,5.940629940831892,9.259866943459176,5.150337993951993,2022-05-21 10:04:11
49939,https://www.yoursun.com/,False,42416800,1.0,32024684.0,0.0241585020348429,10.678057899400592,5.939135803646608,9.257537979751826,5.149042624337964,2022-05-20 08:52:31
21813,https://www.siemens-healthineers.com/,False,42308143,1.0,31942647.965,0.0240966164056677,10.650704451305142,5.923921815815919,9.233823406651878,5.135852578779773,2022-05-07 08:21:37
31626,https://1x.com/,True,42225745,1.0,31880437.475,0.0240496865983586,10.629961476474536,5.912384573215136,9.215839904491046,5.125850154877919,2022-05-12 17:51:46
3061,https://reaperscans.com/,True,42198820,1.0,31860109.1,0.024034351455979,10.623183343542742,5.908614575678472,9.209963477931172,5.122581686425317,2022-05-04 18:24:55
47265,https://navalny.com/,True,42182672,1.0,31847917.36,0.0240251543574035,10.619118225972354,5.906353557285822,9.20643914975703,5.1206214550948586,2022-05-19 10:47:27
46294,https://www.lilith.com/,False,42075346,1.0,31766886.23,0.0239640267997048,10.59209984546956,5.891325934050167,9.183015069646911,5.107592981737612,2022-05-19 10:11:10
29170,https://fullpresscoverage.com/,False,42049467,1.0,31747347.585,0.0239492874069605,10.585585033876542,5.887702395842132,9.177366934347264,5.104451488883948,2022-05-12 13:07:42
419,https://www.xiaohongshu.com/,False,41988005,1.0,31700943.775,0.0239142817051615,10.570112513681408,5.879096580109598,9.16395274941791,5.09699051922624,2022-05-04 17:34:47
19596,https://banksy.co.uk/,True,41857535,1.0,31602438.925,0.0238399724748451,10.537267833881549,5.860828369204915,9.135477452360655,5.081152559002995,2022-05-06 18:46:47
38387,http://www.heise101.xyz/,True,41757097,1.0,31526608.235,0.0237827679797541,10.511983447051328,5.846765193249948,9.113556689841785,5.068960230889999,2022-05-14 12:40:49
50299,https://azmiu.edu.az/az,True,41647121,1.0,31443576.355,0.0237201311137061,10.48429795225812,5.8313665210459655,9.0895542427722,5.055610069829897,2022-05-21 08:22:38
48511,https://visorempresarial.info/,False,41608863,1.0,31414691.565,0.0236983412575442,10.474666835834553,5.826009694091177,9.081204369890951,5.050965870533347,2022-05-20 07:44:52
13925,https://www.la7.it/,False,41583688,1.0,31395684.44,0.0236840028282254,10.46832925007567,5.822484728892087,9.07570988377601,5.047909837356216,2022-05-06 10:07:05
52329,https://mcfarlane.com/,True,41023323,1.0,30972608.865,0.023364846762875,10.327262269190792,5.744023274123917,8.953409279533739,4.979886241276665,2022-05-21 14:59:58
9725,https://www.startrek.com/,False,41013693,1.0,30965338.215,0.0233593619932886,10.324838001033571,5.742674896174871,8.951307515828201,4.978717240303645,2022-05-05 12:50:59
6452,https://www.edupage.org/,True,40886786,1.0,30869523.43,0.0232870820707641,10.292890275277756,5.724905571109487,8.923609849516824,4.963311798301256,2022-05-04 19:46:48
395,https://www.epa.gov/,False,40815371,1.0,30815605.105,0.0232464076346252,10.274912174504344,5.714906151459315,8.908023405588382,4.954642618188258,2022-05-04 17:28:43
36764,https://www.marieforleo.com/,True,40675636,1.0,30710105.18,0.0231668215205892,10.239735112100467,5.69534066935028,8.877526006689818,4.937679964920876,2022-05-14 10:14:51
2931,https://www.starwars.com/,True,40552577,1.0,30617195.635,0.0230967332276981,10.208756086642577,5.6781101353906,8.850668172853926,4.922741637741352,2022-05-04 18:30:24
31809,https://discord.io/servers,True,40447071,1.0,30537538.605,0.0230366422515828,10.182195875199604,5.66333734578602,8.827641310806536,4.909934097070594,2022-05-12 17:50:25
16191,https://aristeguinoticias.com/,True,40251852,1.0,30390148.26,0.0229254552075639,10.13305120174326,5.6360030784096,8.785034435538503,4.886236153046514,2022-05-06 12:07:47
48168,https://www.eventtia.com/en/home,True,40200972,1.0,30351733.86,0.0228964764872565,10.120242607367413,5.6288789382177535,8.773929789916725,4.880059749151681,2022-05-20 07:27:44
40354,https://www.globalmedia.mx/,False,40080654,1.0,30260893.77,0.0228279493317939,10.08995360465292,5.612032194907953,8.747670183943438,4.865454156309339,2022-05-15 09:45:53
50243,https://husqvarna-motorcycles.com/en-us.html,False,40062111,1.0,30246893.805,0.0228173881602007,10.08528556680875,5.609435832259026,8.743623142988945,4.86320319213045,2022-05-21 08:22:55
6052,https://ashariealjadid.com/,True,39866521,1.0,30099223.355,0.022705989813013,10.036047497351747,5.582049618027041,8.700935296346584,4.839460211827969,2022-05-04 19:30:55
4187,https://magiceden.io/,True,39862476,1.0,30096169.38,0.0227036859819665,10.035029204029216,5.581483243281049,8.700052468289584,4.838969182862666,2022-05-04 17:35:04
19303,https://eroelog.com/,True,39686269,1.0,29963133.095,0.0226033272286411,9.990670635059384,5.556811007220028,8.661594994015285,4.8175791356713,2022-05-06 18:36:19
5546,https://penguin.co.uk/,True,39593554,1.0,29893133.27,0.0225505213706754,9.967330445838533,5.543829193975391,8.641359789242818,4.806324314776854,2022-05-04 19:22:26
24358,https://www.whatfinger.com/,True,39575905,1.0,29879808.275,0.0225404693770688,9.962887464664412,5.541358007846345,8.637507865292765,4.804181874675835,2022-05-10 15:47:21
28056,https://www.foreo.com/,False,39424010,1.0,29765127.55,0.0224539575311355,9.924649228761904,5.52008990103737,8.604356525931134,4.785743099722896,2022-05-12 12:38:01
44837,https://cambridgescholars.com/,True,39407674,1.0,29752793.87,0.0224446533570997,9.920536783838086,5.517802559170742,8.600791166440624,4.783760046774274,2022-05-18 12:32:31
27576,https://mintable.app/,False,39403357,1.0,29749534.535,0.0224421946083661,9.919450016897825,5.517198099398569,8.599848973925898,4.783235999297584,2022-05-11 16:23:16
12125,https://thehyperverse.net/,False,39253231,1.0,29636189.405,0.0223566902969498,9.88165711125182,5.496177685278262,8.567083721791171,4.765011966060248,2022-05-05 18:33:33
14244,https://floridapolitics.com/,True,39201574,1.0,29597188.37,0.0223272690360434,9.868652913931198,5.488944750728532,8.555809494611847,4.758741240903108,2022-05-06 10:20:47
41816,https://www.affa.az/,True,39190777,1.0,29589036.635,0.0223211196012329,9.865934863744958,5.487432971214944,8.553453031192461,4.757430575949246,2022-05-15 12:53:39
22622,https://www.toro.com/en,False,39141719,1.0,29551997.845,0.0222931786016095,9.853584941911418,5.48056394469113,8.542746040136779,4.751475347524075,2022-05-07 09:06:54
21320,https://www.gu-global.com/jp/ja/,False,38989583,1.0,29437135.165,0.022206529494049,9.815286036369672,5.45926209342881,8.509542102119589,4.733007317198915,2022-05-06 19:44:50
47522,https://www.adamsmith.org/,False,38878706,1.0,29353423.03,0.0221433794631622,9.787373722717726,5.443737264575598,8.485343010283785,4.71954778231984,2022-05-19 12:15:05
3478,https://torontosun.com/,True,38818438,1.0,29307920.69,0.022109053804446,9.77220178156514,5.435298630906529,8.472189417863712,4.712231754215796,2022-05-04 17:22:57
35885,https://xerces.org/,True,38701462,1.0,29219603.81,0.0220424300861544,9.742754098080283,5.418919829352253,8.446659209014403,4.69803185205381,2022-05-13 14:52:20
22628,https://www.mamecn.com/,False,38473357,1.0,29047384.535,0.0219125128102954,9.685330662150587,5.386980914288157,8.396874908905218,4.670341824333081,2022-05-07 09:03:35
5473,https://www.aei.org/,True,38303521,1.0,28919158.355,0.0218157826620619,9.642575936631394,5.36320073595438,8.359807916102149,4.649725162936014,2022-05-04 19:22:07
23237,https://www.freshplaza.com/,False,38183312,1.0,28828400.56,0.0217473175875842,9.61231437371224,5.346369254658748,8.33357209956229,4.635132801776544,2022-05-07 09:38:53
30067,https://www.52z.com/,False,38014607,1.0,28701028.285,0.0216512316007632,9.56984436753737,5.322747437224284,8.296751949412489,4.614653434263225,2022-05-12 14:19:50
52418,https://www.myamcat.com/,False,37919212,1.0,28629005.06,0.0215968993479385,9.54582951178886,5.309390374456963,8.275931830130071,4.603073283918345,2022-05-21 14:59:40
869,https://ebc.net.tw/,False,37848313,1.0,28575476.315,0.021556518799765,9.527981309496148,5.299463204341755,8.260458004069964,4.594466741863713,2022-05-04 17:45:57
4427,https://vidazoo.com/,False,37680582,1.0,28448839.41,0.0214609875549562,9.485756499290652,5.275977764905459,8.223850431059228,4.574105609755142,2022-05-04 18:53:29
52043,https://www.ou.org/,False,37517304,1.0,28325564.52,0.0213679925177246,9.444652692834287,5.25311582775443,8.18821473279208,4.554285034378954,2022-05-21 14:50:04
36320,https://www.budgettravel.com/,False,37469962,1.0,28289821.31,0.0213410288664512,9.432734758971446,5.246487072939917,8.177882261624115,4.548538113915332,2022-05-14 10:03:54
27562,https://www.tecnm.mx/,True,37467221,1.0,28287751.855,0.0213394677290227,9.432044736228049,5.246103282290038,8.17728403376151,4.548205379578151,2022-05-11 16:23:12
19164,https://heraldcorp.com/,False,37444336,1.0,28270473.68,0.0213264335699379,9.426283637912572,5.242898959406972,8.172289344000221,4.545427333132922,2022-05-06 18:31:02
12036,https://www.theedgemarkets.com/,True,37401932,1.0,28238458.66,0.0213022823581472,9.415608802301064,5.236961615839851,8.16303459964201,4.540279844320885,2022-05-05 18:31:37
16660,https://rakuten.co.uk/,True,37314971,1.0,28172803.105,0.0212527536927256,9.393717132184747,5.224785468921157,8.144055215052479,4.529723510612188,2022-05-06 12:30:22
41187,https://makersplace.com/,True,37190976,1.0,28079186.88,0.0211821323007345,9.362502476924655,5.2074238776654935,8.116993097641469,4.514671560908184,2022-05-15 10:52:11
45361,https://scat.gold/,True,37134186,1.0,28036310.43,0.0211497875380329,9.348206091810576,5.199472228265042,8.104598584574239,4.507777732740191,2022-05-18 12:54:25
2775,https://www.tasteofhome.com/,False,37091789,1.0,28004300.695,0.0211256403130944,9.33753301838776,5.193535864827272,8.095345367977805,4.502631093669254,2022-05-04 15:44:24
47671,https://maison.kose.co.jp/,False,37079906,1.0,27995329.03,0.0211188723466359,9.334541577213074,5.19187202524591,8.092751883230882,4.501188597453016,2022-05-19 12:20:12
30545,https://www.iium.edu.my/v2/,False,36992310,1.0,27929194.05,0.0210689820167608,9.312490051408298,5.179606966593295,8.073633908822762,4.490555180087219,2022-05-12 14:57:26
44605,https://www.seafoodwatch.org/,False,36933464,1.0,27884765.32,0.0210354662586003,9.297676086301356,5.1713674392008135,8.060790670295656,4.483411770818443,2022-05-18 12:05:27
14627,https://azbigmedia.com/,False,36828599,1.0,27805592.245,0.0209757403642404,9.271277240994294,5.156684401441026,8.037903707576955,4.470682042154301,2022-05-06 10:36:33
20282,https://www.dahuasecurity.com/nl,False,36780268,1.0,27769102.34,0.0209482134277001,9.259110335043449,5.149917168351164,8.027355385494682,4.464815065412141,2022-05-06 19:12:02
48452,https://www.tapuz.co.il/,True,36628048,1.0,27654176.24,0.0208615164779126,9.220790283237395,5.128603555536639,7.994133114336135,4.446336838193758,2022-05-20 07:44:42
37159,https://iranproud2.net/index.html?4PVOzb3uXavGvzaZA9s7,True,36611161,1.0,27641426.555,0.0208518984816502,9.216539128889425,5.126239063488296,7.990447498168387,4.444286898481256,2022-05-14 10:26:36
37307,https://nyunews.com/,True,36530406,1.0,27580456.53,0.0208059044455178,9.196209764918873,5.114931871247876,7.972822583522426,4.434483920955173,2022-05-14 10:26:07
33143,https://kyoto.travel/en/,False,36489665,1.0,27549697.075,0.02078270039591,9.18595357499225,5.109227378410689,7.963930791712739,4.429538306350625,2022-05-13 09:45:52
50456,https://www.uevora.pt/,False,36391301,1.0,27475432.255,0.0207266771481838,9.161191299497244,5.095454600780366,7.9424626831840355,4.41759774438696,2022-05-21 08:46:21
43015,https://www.10000recipe.com/,False,36359995,1.0,27451796.225,0.02070884680585,9.15331028818572,5.091071182288896,7.93563009600174,4.413797459396167,2022-05-16 12:51:01
17553,https://superrare.com/,True,36312246,1.0,27415745.73,0.0206816513475962,9.14128989563752,5.084385439953588,7.925208796398865,4.408001132557048,2022-05-06 13:32:56
37263,https://www.alrincon.com/en/,True,36221565,1.0,27347281.575,0.0206300039549823,9.118461748102217,5.071688424294451,7.90541751554925,4.396993222148492,2022-05-14 10:27:50
9273,https://www.valvesoftware.com/en/,True,36205885,1.0,27335443.175,0.0206210734059568,9.114514445432928,5.069492934549793,7.901995329162666,4.395089802080274,2022-05-05 12:05:00
30004,https://kmitl.ac.th/,False,36173693,1.0,27311138.215,0.0206027384420391,9.10641039138129,5.064985459686273,7.894969370989391,4.391181964144298,2022-05-12 14:17:30
16284,https://www.bozemandailychronicle.com/,False,35979409,1.0,27164453.795,0.0204920839275699,9.057501095985902,5.037782109587358,7.852566561044791,4.367597521253112,2022-05-06 12:11:33
28215,https://www.66rpg.com/,False,35961563,1.0,27150980.065,0.0204819197325501,9.053008521787172,5.035283339818024,7.8486716415132225,4.365431167009653,2022-05-12 12:37:43
29482,https://www.usu.ac.id/,False,35960505,1.0,27150181.275,0.020481317148311,9.05274217955349,5.035135200267651,7.8484407312328,4.365302734711682,2022-05-12 13:13:07
36054,https://www.milestonesys.com/,True,35947333,1.0,27140236.415,0.0204738150314893,9.049426243918298,5.033290876867356,7.845565920066722,4.36370376474111,2022-05-13 15:09:26
44707,https://www.wmf.org/,False,35881831,1.0,27090782.405,0.0204365083463955,9.032936689106842,5.024119386481225,7.831269998338785,4.355752373076031,2022-05-18 12:24:17
7014,https://hubblesite.org/,False,35817729,1.0,27042385.395,0.0203999990317504,9.016799572033715,5.015143921965152,7.817279628966787,4.347970929631326,2022-05-05 10:11:00
37508,https://www.subpop.com/,False,35729774,1.0,26975979.37,0.0203499042333103,8.994657671123186,5.0028285966787145,7.798083302204537,4.337293932686163,2022-05-14 11:54:47
46844,https://essayservice.com/,True,35688713,1.0,26944978.315,0.0203265179276,8.984320923999231,4.997079297928371,7.789121669856348,4.3323094727741,2022-05-19 10:26:41
31492,https://screenrec.com/,True,35599759,1.0,26877818.045,0.0202758541483897,8.96192753358828,4.9846240941818,7.769707309662962,4.321511205634539,2022-05-12 17:30:56
23767,https://www.asahibeer.co.jp/,False,35597764,1.0,26876311.82,0.0202747178955003,8.96142530981116,4.984344757316967,7.769271897555741,4.321269029420503,2022-05-07 10:32:31
19352,https://recordstoreday.com/,False,35585838,1.0,26867307.69,0.020267925438378,8.95842304376308,4.982674896941024,7.766669027986453,4.319821313366065,2022-05-06 18:36:04
8773,https://edmontonjournal.com/,True,35568859,1.0,26854488.545,0.0202582550434861,8.954148729220872,4.9802975231926485,7.762963332663888,4.317760205627654,2022-05-05 11:43:38
39042,https://click.com.cn/,False,35472326,1.0,26781606.13,0.0202032746423967,8.92984739193935,4.966781119396666,7.741894842966424,4.306041911657924,2022-05-14 13:12:33
35384,https://www.acuitybrands.com/,False,35470337,1.0,26780104.435,0.0202021418068092,8.92934667860968,4.966502622642703,7.741460740369298,4.305800463793403,2022-05-13 14:41:09
42560,https://www.mewatch.sg/,True,35364006,1.0,26699824.53,0.0201415809516795,8.90257878064234,4.951614317793268,7.718253820683585,4.292892775064209,2022-05-16 12:02:56
42834,https://www.ait.ac.at/,False,35093595,1.0,26495664.225,0.0199875682799611,8.834505179742818,4.913751780972954,7.659236164881105,4.26006715490687,2022-05-16 12:26:03
6792,https://www.sandbox.game/en/,True,35077296,1.0,26483358.48,0.0199782851792871,8.830402049244942,4.911469619790036,7.655678880702855,4.258088593446927,2022-05-05 09:50:40
24696,https://www.davidrumsey.com/,True,35032961,1.0,26449885.555,0.0199530341658275,8.81924110129578,4.9052619005407125,7.646002692345122,4.252706697482356,2022-05-10 15:47:41
3437,https://www.shueisha.co.jp/,False,34931569,1.0,26373334.595,0.0198952863197308,8.793716553321016,4.891065146957148,7.623873717720844,4.240398561796333,2022-05-04 18:45:41
32003,https://www.insidelacrosse.com/,False,34931118,1.0,26372994.09,0.0198950294525362,8.793603018021026,4.8910019986232935,7.623775286211894,4.240343814191055,2022-05-12 18:27:19
34337,https://www.worldanvil.com/,True,34854522,1.0,26315164.11,0.0198514041761867,8.774320645874552,4.880277143235425,7.60705808031477,4.231045704271074,2022-05-13 12:59:13
49839,https://www.accel.com/,True,34826339,1.0,26293885.945,0.0198353525395039,8.767225822460745,4.876331002452665,7.600907093137914,4.227624525203307,2022-05-20 08:51:18
12060,https://www.dosomething.org/us,False,34812698,1.0,26283586.99,0.0198275833035819,8.76379182018321,4.8744210103859,7.597929921932593,4.225968622578908,2022-05-05 18:31:13
5669,https://www.corsair.com/eu/en/,False,34795275,1.0,26270432.625,0.0198176600283477,8.759405732529704,4.87198146843302,7.594127322862857,4.22385361697632,2022-05-04 19:22:53
27701,https://www.ittf.com/,True,34764317,1.0,26247059.335,0.0198000278895255,8.75161232717028,4.8676467763721085,7.58737068726618,4.220095576257449,2022-05-11 16:23:35
2898,https://snapkit.com/,True,34718415,1.0,26212403.325,0.0197738843907136,8.740056900695432,4.861219648166799,7.577352498521471,4.2145234596776415,2022-05-04 15:44:31
3423,https://int.soccerway.com/,False,34650845,1.0,26161387.975,0.019735399875557,8.723046744996216,4.851758599566894,7.562605232313462,4.206321030212747,2022-05-04 17:26:51
27104,https://pmc.com/,False,34611000,1.0,26131305.0,0.0197127061430364,8.713016115222127,4.846179563286546,7.553908994011582,4.201484182469241,2022-05-11 11:37:13
17769,https://comic-days.com/,False,34596196,1.0,26120127.98,0.0197042745200917,8.709289337880538,4.8441067297291545,7.550677996099146,4.199687101430344,2022-05-06 13:42:38
28085,https://www.fastcompany.com/creativity,False,34514602,1.0,26058524.51,0.0196578026312403,8.68874876300823,4.832682061985176,7.532869968291299,4.18978227636362,2022-05-12 12:38:22
26838,https://www.rabbitpre.com/,False,34491888,1.0,26041375.44,0.0196448658652603,8.683030712445081,4.829501682261953,7.527912599567773,4.187024987879594,2022-05-11 11:25:02
46879,https://www.heforshe.org/en,False,34481029,1.0,26033176.895,0.0196386811183299,8.680297054301853,4.827981221602689,7.525542604544052,4.185706796647401,2022-05-19 10:35:26
6623,https://www.uea.ac.uk/,False,34392650,1.0,25966450.75,0.0195883448305539,8.65804841510486,4.815606528481322,7.506253739068286,4.17497832966978,2022-05-04 19:49:37
22507,https://www.augusta.edu/,False,34360918,1.0,25942493.09,0.0195702718597836,8.650060162024387,4.811163462117963,7.499328176669108,4.171126331863357,2022-05-07 08:59:12
44638,https://elnuevodiario.com.do/,False,34303433,1.0,25899091.915,0.0195375312596093,8.63558881674735,4.803114499874875,7.486781978682319,4.164148136543105,2022-05-18 12:05:27
8913,https://www.smith.edu/,False,34257775,1.0,25864620.125,0.0195115267310757,8.624094815135468,4.796721536178346,7.476817043348216,4.158605639510277,2022-05-05 11:44:47
16900,https://www.womenshistory.org/,True,34166100,1.0,25795405.5,0.0194593132054433,8.60101643680595,4.783885342151468,7.456808820325882,4.147477065865255,2022-05-06 12:43:59
33477,https://khoros.com/,False,34090974,1.0,25738685.37,0.0194165251680649,8.582104124284722,4.773366313927162,7.440412444402502,4.138357401576671,2022-05-13 10:24:49
28286,https://www.berea.edu/,True,33967031,1.0,25645108.405,0.0193459333926904,8.5509025595692,4.756012003632389,7.413361676078999,4.1233117642351385,2022-05-12 12:38:22
20043,http://thatpervert.com/,True,33951059,1.0,25633049.545,0.0193368365349713,8.546881748457347,4.753775628491975,7.409875760201031,4.121372897823813,2022-05-06 19:04:38
50054,http://mpgu.su/,False,33803999,1.0,25522019.245,0.0192530784648377,8.509860681458285,4.733184511027098,7.377779667725826,4.103521051189103,2022-05-21 08:07:08
47348,https://collov.com/,False,33734553,1.0,25469587.515,0.0192135254732798,8.492378259189707,4.723460787761314,7.36262296136085,4.095090891108904,2022-05-19 12:01:11
19333,https://www.makeleio.gr/,False,33661237,1.0,25414233.935,0.0191717683219816,8.473921598315892,4.7131951929832985,7.346621620983371,4.086190945590951,2022-05-06 18:36:05
33350,https://www.roccofortehotels.com/,True,33554284,1.0,25333484.42,0.0191108532065525,8.446997117296235,4.698219796640164,7.323278948750945,4.073207751295275,2022-05-13 09:45:40
40641,https://hcps.org/,False,33534589,1.0,25318614.695,0.0190996359129901,8.442039073541668,4.695462132703875,7.318980481857844,4.070816944009332,2022-05-15 10:05:36
45103,https://secrethentai.club/,True,33519411,1.0,25307155.305,0.0190909912782255,8.438218144975696,4.693336932235481,7.315667857816034,4.068974462517277,2022-05-18 12:45:05
22087,https://www.naughtymachinima.com/,False,33383937,1.0,25204872.435,0.0190138320181053,8.404113752002548,4.674368068863816,7.286100429337957,4.052529058797771,2022-05-07 08:31:51
2423,https://www.cars.com/,False,33373566,1.0,25197042.33,0.0190079252117313,8.401502943585253,4.672915937222117,7.283836941135451,4.051270106659537,2022-05-04 15:51:51
3258,https://yinxiang.com/,False,33340605,1.0,25172156.775,0.0189891522636171,8.393205300518778,4.668300788148543,7.276643147418091,4.047268918593941,2022-05-04 17:32:18
7472,https://www.51miz.com/,False,33326602,1.0,25161584.51,0.0189811768504791,8.389680167911761,4.666340109392521,7.273586969103591,4.045569072215416,2022-05-05 10:33:33
43929,https://gonnafixit.com/,False,33325427,1.0,25160697.385,0.0189805076288525,8.389384371952808,4.666175587680151,7.2733305233762815,4.045426437101887,2022-05-17 10:01:29
13620,https://gamerguides.com/,True,33227642,1.0,25086869.71,0.0189248141507618,8.364767854636723,4.652483880748944,7.251988782571927,4.033556160866505,2022-05-06 09:53:30
21396,https://www.avantisvideo.com/,True,33179920,1.0,25050839.6,0.0188976340703666,8.352754259102047,4.645801918912558,7.24157337576449,4.027763111600208,2022-05-06 19:43:51
26096,https://www.charitybuzz.com/,False,33159536,1.0,25035449.68,0.0188860243566334,8.347622765631973,4.642947782244502,7.237124533461928,4.025288665511524,2022-05-10 16:47:30
43272,https://mediball.hu/,False,32998266,1.0,24913690.83,0.0187941729764454,8.307024455588868,4.620367002198528,7.201927084573879,4.005711844439991,2022-05-16 13:10:15
4528,https://zoombangla.com/,True,32927522,1.0,24860279.11,0.0187538807085715,8.289215273188614,4.610461534947506,7.1864870875246085,3.9971241180811865,2022-05-04 18:53:29
42459,https://heykorean.com/,False,32824184,1.0,24782258.92,0.018695024517551,8.263200836757571,4.59599230540456,7.16393339512557,3.984579754368841,2022-05-16 11:52:45
40095,https://www.fashiongo.net/,False,32576927,1.0,24595579.885,0.0185541992139536,8.200956052567532,4.561371756438061,7.109969138787055,3.9545648349933593,2022-05-15 09:11:41
32138,https://www.homestyler.com/,False,32575337,1.0,24594379.435,0.018553293628944,8.200555783993284,4.561149127057064,7.109622118611373,3.954371822371645,2022-05-12 18:25:37
35862,https://www.overthereality.ai/,True,32508646,1.0,24544027.73,0.0185153097485192,8.183766908845492,4.551811154699862,7.095066695632562,3.946276096110832,2022-05-13 14:51:46
39358,https://kafapress.ma/,True,32448926,1.0,24498939.13,0.0184812962033785,8.168732921893337,4.543449251157073,7.082032705134678,3.939026590595907,2022-05-14 13:19:10
36610,https://viaggaa.us/,True,32423929,1.0,24480066.395,0.0184670591540168,8.162440146075468,4.539949209247174,7.076577067819275,3.93599216512108,2022-05-14 10:06:12
6502,https://www.texasmonthly.com/,True,32420445,1.0,24477435.975,0.0184650748407002,8.161563079589513,4.539461384867686,7.07581667895634,3.9355692368355153,2022-05-04 19:47:23
7140,https://me.dlink.com/consumer,True,32401423,1.0,24463074.365,0.0184542408545035,8.156774457690585,4.536797953367502,7.071665095445774,3.933260126086939,2022-05-05 10:17:39
1212,https://www.pitt.edu/,False,32380186,1.0,24447040.43,0.018442145314347,8.151428228941374,4.533824380937191,7.067030084457771,3.930682132975412,2022-05-04 17:25:31
48970,https://iphonephotographyschool.com/,True,32372230,1.0,24441033.65,0.018437613971997,8.149425375622696,4.532710393921343,7.065293674069271,3.929716341517328,2022-05-20 08:09:10
40695,https://speechify.com/,True,32200518,1.0,24311391.09,0.0183398153473623,8.106198383534142,4.508667540921689,7.027817241109238,3.908871949504957,2022-05-15 10:18:57
26459,https://www.technogym.com/nl/,False,32193898,1.0,24306392.99,0.0183360449242405,8.104531856514328,4.507740618593268,7.026372414968983,3.908068337205747,2022-05-11 11:17:59
32632,https://www.safran-group.com/,False,32184852,1.0,24299563.26,0.0183308927720412,8.102254605242237,4.506474011435731,7.024398110246212,3.9069702289189423,2022-05-13 09:16:56
22275,https://www.sydneyoperahouse.com/,False,31888743,1.0,24076000.965,0.0181622437961865,8.027711757914442,4.465013279752012,6.959771822698676,3.8710250877850014,2022-05-07 08:40:01
24402,https://www.mindworks-creative.com/,False,31858832,1.0,24053418.16,0.0181452079765498,8.02018192563504,4.460825187038208,6.953243696613909,3.867394144056656,2022-05-10 15:46:54
25922,https://www.groundtruth.com/,False,31826604,1.0,24029086.02,0.0181268525088205,8.012068808898704,4.456312671509458,6.946209881380053,3.8634819360235846,2022-05-10 16:46:40
37772,https://www.supplychainbrain.com/,False,31821332,1.0,24025105.66,0.0181238498395308,8.010741629072651,4.455574494090207,6.945059258508237,3.86284195958228,2022-05-14 11:54:25
10729,https://tvb.com/,True,31704039,1.0,23936549.445,0.0180570455737877,7.981214143614192,4.4391513066782124,6.919459863875472,3.848603576287537,2022-05-05 16:47:18
34055,https://www.tommybahama.com/,True,31550137,1.0,23820353.435,0.0179693906403612,7.942470663039666,4.4176021827826615,6.8858704933864265,3.8299211684215297,2022-05-13 12:47:25
6751,https://motionarray.com/,True,31516554,1.0,23794998.27,0.0179502634319476,7.934016436920874,4.41289994221539,6.878540947122351,3.825844474789451,2022-05-05 09:50:27
4943,https://streamlabs.com/,True,31511579,1.0,23791242.145,0.0179474299191031,7.932764024243598,4.412203350284289,6.877455145000333,3.825240551649185,2022-05-04 19:08:00
8504,https://www.hellosign.com/,False,31451041,1.0,23745535.955,0.0179129504818003,7.91752411295576,4.403726911625993,6.8642426246259,3.817891747816925,2022-05-05 11:20:08
18461,https://www.vietjetair.com/vi,False,31327993,1.0,23652634.715,0.0178428684539627,7.886547856651527,4.386497917869578,6.837387191558519,3.8029547559448473,2022-05-06 14:18:44
10453,https://hsreplay.net/,True,31185181,1.0,23544811.655,0.0177615298335906,7.850596186447052,4.366501598901849,6.806218232231924,3.785618580767395,2022-05-05 15:41:22
31205,https://asi.ru/,False,31176094,1.0,23537950.97,0.0177563543298281,7.848308613784053,4.3652292509866895,6.804234979190157,3.784515495425565,2022-05-12 17:31:14
31288,https://www.stmarys-ca.edu/,False,31074857,1.0,23461517.035,0.0176986947640311,7.822823085701746,4.35105420026731,6.782139833576718,3.7722261754353696,2022-05-12 17:29:34
10973,https://www.jcu.edu.au/,False,31036016,1.0,23432192.08,0.0176765728600323,7.813045204134286,4.345615742539489,6.773662719964386,3.767511204844191,2022-05-05 17:07:08
9132,https://www.yenicaggazetesi.com.tr/,True,31031068,1.0,23428456.34,0.0176737547250464,7.811799588470534,4.34492293110731,6.772582810637803,3.766910559276745,2022-05-05 11:59:59
25348,https://www.cannondale.com/en-nl/,True,30935904,1.0,23356607.52,0.0176195540383458,7.787842884948851,4.33159821260855,6.751813107494117,3.7553584503882274,2022-05-10 16:11:37
13582,https://www.adstanding.com/,False,30921998,1.0,23346108.49,0.0176116338715888,7.784342171242273,4.329651115644952,6.748778099592849,3.753670378993542,2022-05-06 09:38:41
16819,https://www.vbox7.com/,False,30920092,1.0,23344669.46,0.0176105483086779,7.783862352435664,4.329384240424715,6.748362111885399,3.753439006630658,2022-05-06 12:39:05
2335,https://www.aa.com.tr/en,False,30809299,1.0,23261020.745,0.0175474461200181,7.755971185048019,4.313871173123707,6.724181353190954,3.739989668644808,2022-05-04 15:50:56
3380,https://www.prensalibre.com/,False,30783416,1.0,23241479.08,0.0175327044490724,7.749455366490036,4.310247074841757,6.718532344884576,3.736847690224801,2022-05-04 18:25:13
20536,https://www.gsshop.com/index.gs,False,30770050,1.0,23231387.75,0.0175250918394885,7.746090593053959,4.308375587856611,6.715615192892031,3.735225170286547,2022-05-06 19:19:24
31399,https://www.regiscollege.edu/,False,30712920,1.0,23188254.6,0.017492553429678,7.7317086159177135,4.300376332173432,6.703146474252643,3.728290068979319,2022-05-12 17:31:56
212,https://time.com/,False,30705086,1.0,23182339.93,0.0174880915724672,7.729736475030519,4.299279427411974,6.701436690569446,3.727339087294725,2022-05-04 17:33:09
37757,https://www.guardsquare.com/,False,30619894,1.0,23118019.97,0.0174395704415626,7.708290135170706,4.287350973181946,6.682843393206821,3.716997495301633,2022-05-14 11:53:52
13110,https://www.cc.com/shows/the-daily-show-with-trevor-noah,True,30618604,1.0,23117046.02,0.0174388357216492,7.70796538896896,4.287170349344534,6.682561848535985,3.7168409001557134,2022-05-05 19:14:24
36796,https://h-metrics.com/,False,30533138,1.0,23052519.19,0.0173901585339568,7.686450072008931,4.275203530051367,6.6639087502122685,3.706466046868063,2022-05-14 10:14:43
31894,https://www.mavs.com/,True,30469101,1.0,23004171.255,0.0173536862400826,7.670329318116512,4.266237166736404,6.649932567199656,3.698692493876448,2022-05-12 17:51:25
45321,https://www.yogonet.com/international/,True,30468298,1.0,23003564.99,0.0173532288911752,7.670127169899456,4.266124731898077,6.6497573110983526,3.698595016432903,2022-05-18 12:54:37
11339,https://www.aha.io/,False,30444289,1.0,22985438.195,0.0173395545575302,7.664083114428353,4.262763028245049,6.644517306445577,3.695680525845029,2022-05-05 17:28:50
2554,https://home.miui.com/,False,30339058,1.0,22905988.79,0.017279620207753,7.637592131826841,4.248028743722088,6.621550463610963,3.682906367860417,2022-05-04 15:37:49
23227,https://home.otoy.com/,True,30338142,1.0,22905297.21,0.0172790984996594,7.637361536849478,4.247900486795679,6.621350545069502,3.682795173167656,2022-05-07 09:38:53
12402,https://hoy.com.do/,True,30324589,1.0,22895064.695,0.0172713793841656,7.633949687801208,4.246002816355031,6.61839258001227,3.681149953002824,2022-05-05 18:42:25
51626,https://www.jti.com/,True,30275124,1.0,22857718.62,0.0172432065775617,7.621497307282315,4.239076802310422,6.607596760521681,3.67514531820216,2022-05-21 14:43:00
35217,https://www.bandainamcoent.co.jp/,False,30265290,1.0,22850293.95,0.0172376056197099,7.619021683911793,4.237699860591738,6.60545047347285,3.6739515533455984,2022-05-13 14:41:12
38132,https://www.xtool.com/,True,30084793,2.0,22714018.715,0.0171348034955095,7.573583145015221,4.212426945257465,6.566056699479261,3.652040736250364,2022-05-14 12:22:55
14757,https://my.games/,False,30036573,1.0,22677612.615,0.0171073397790547,7.561444182342198,4.20567525421873,6.55553260333378,3.646187233974248,2022-05-06 10:43:28
11979,https://www.lexus.com/,False,29987648,1.0,22640674.24,0.0170794745296239,7.549127742093801,4.198824850152572,6.544854639751912,3.6402481506300126,2022-05-05 18:27:58
45733,https://www.meihaku.jp/,True,29920994,2.0,22590350.47,0.0170415117225609,7.532348181371949,4.189492058479077,6.530307292085365,3.63215691585788,2022-05-18 13:22:56
22298,https://luminousscans.com/,True,29920143,2.0,22589707.965,0.0170410270352382,7.532133949575294,4.189372902753778,6.530121559903288,3.632053611618208,2022-05-07 08:40:33
13468,https://www.motorolasolutions.com/en_us.html?geo=redirect,False,29880015,1.0,22559411.325,0.0170181721199769,7.522032077029813,4.183754241243981,6.521363556375169,3.627182410055868,2022-05-06 09:26:52
42635,https://www.gazetaexpress.com/,True,29863727,2.0,22547113.885,0.0170088952843565,7.517931715685596,4.181473620264328,6.517808672965431,3.625205183903372,2022-05-16 12:09:05
51867,https://colombiacompra.gov.co/,False,29841587,1.0,22530398.185,0.0169962854402605,7.51235816459516,4.178373611147827,6.51297658070784,3.6225175741897,2022-05-21 14:45:35
8698,https://www.overwolf.com/pages/homepage/,False,29814023,1.0,22509587.365,0.0169805863552261,7.505419169009943,4.174514141803329,6.506960691322648,3.619171536513656,2022-05-05 11:38:45
33599,https://www.bracbank.com/en/,True,29809697,2.0,22506321.235,0.0169781224805396,7.504330136398506,4.173908421864848,6.506016534542779,3.618646396512693,2022-05-13 10:47:44
34997,https://www.touken-world.jp/,False,29776383,1.0,22481169.165,0.0169591484811622,7.4959436286737215,4.169243846268323,6.498745697981382,3.614602357217244,2022-05-13 14:27:21
48389,https://www.schwalbe.com/,True,29738484,2.0,22452555.42,0.0169375630935654,7.4864028873559105,4.163937285947356,6.490474177454265,3.6100017375000615,2022-05-20 07:36:19
46657,https://www.primicias.ec/,True,29734144,2.0,22449278.72,0.0169350912451744,7.485310330367088,4.163329605750174,6.489526965150834,3.609474898016893,2022-05-19 10:20:47
51204,https://www.vision2030.gov.sa/,True,29716405,2.0,22435885.775,0.0169249879920389,7.480844692481216,4.160845817958052,6.485655398549326,3.607321532673135,2022-05-21 10:11:01
25906,https://kwiksend.co/,False,29687768,1.0,22414264.84,0.0169086777795106,7.473635578543694,4.156836108786002,6.47940532510847,3.60384524182533,2022-05-10 16:47:02
4603,https://www.eqxiu.com/,False,29642503,1.0,22380089.765,0.0168828970842529,7.462240511239787,4.150498172351568,6.469526162685717,3.598350451685795,2022-05-04 18:58:06
30578,https://www.pcolle.com/,False,29563897,1.0,22320742.235,0.0168381270117592,7.442452139197569,4.139491879821687,6.452370270906129,3.588808344677988,2022-05-12 14:57:09
14976,https://www.melonbooks.co.jp/,False,29538561,1.0,22301613.555,0.0168236968848388,7.436074023098778,4.13594437164754,6.446840646270254,3.585732767455515,2022-05-06 10:52:50
42904,https://elopage.com/,True,29474001,2.0,22252870.755,0.0167869267161469,7.419821608536969,4.126904778668261,6.432750317627527,3.5778957266644302,2022-05-16 12:31:04
33263,https://www.arcadia.edu/,False,29414756,1.0,22208140.78,0.0167531837074086,7.404907198674605,4.118609383902815,6.419819996678979,3.570703882152847,2022-05-13 09:46:18
50436,https://afrotech.com/,True,29371655,2.0,22175599.525,0.0167286355190444,7.394056899417657,4.1125744474561,6.410413130897843,3.56547178340538,2022-05-21 08:33:45
21580,https://mastergo.com/,False,29318737,1.0,22135646.435,0.0166984960551839,7.380735256391299,4.10516494960484,6.398863688346484,3.559047983458314,2022-05-06 19:48:49
24834,https://thetake.ai/,False,29154049,1.0,22011306.995,0.0166046979520004,7.339276494784188,4.082105586398964,6.362920255206563,3.53905624594589,2022-05-10 15:35:54
12312,https://tnt-online.ru/,False,29073299,1.0,21950340.745,0.0165587067636195,7.318948389519845,4.070799094250937,6.345296431819016,3.529253875377736,2022-05-05 18:38:09
36534,https://welcome.ufcfightpass.com/region/belgium,False,29043941,1.0,21928175.455,0.0165419859053101,7.311557770147081,4.066688431755805,6.338888998914845,3.525690061196436,2022-05-14 10:05:12
12440,https://www.yu.edu/,False,29011978,1.0,21904043.39,0.0165237813684158,7.303511364839784,4.062213021123887,6.331913020376936,3.5218100219336512,2022-05-05 18:47:32
32694,http://rt.plus/,False,28998009,1.0,21893496.795,0.0165158253199886,7.299994791434986,4.060257102996139,6.3288642626196525,3.5201143028690502,2022-05-13 09:17:07
13524,https://participant.com/,False,28973799,1.0,21875218.245,0.0165020365067292,7.293900135974307,4.056867255628909,6.323580389378631,3.517175412572394,2022-05-06 09:26:27
48052,https://ahamo.com/,False,28950775,1.0,21857835.125,0.0164889231801498,7.288104045626242,4.053643470177315,6.318555362633431,3.5143804926967137,2022-05-19 13:29:09
17845,https://www.jegs.com/,True,28940372,2.0,21849980.86,0.0164829981481656,7.285485181489215,4.0521868579443,6.316284890377076,3.513117656027729,2022-05-06 13:47:24
19456,https://theinitium.com/,True,28838659,2.0,21773187.545,0.016425067476416,7.259879824575876,4.0379451584291015,6.294085856962615,3.5007705536426057,2022-05-06 18:42:04
46364,https://smosh.com/,True,28828194,2.0,21765286.47,0.0164191071323119,7.257245352481864,4.036479865050413,6.291801853101925,3.4995001906952896,2022-05-19 10:10:06
6911,https://www.biospace.com/,True,28811688,2.0,21752824.44,0.0164097061347216,7.253090111546965,4.034168720042421,6.288199390825333,3.497496501177049,2022-05-05 10:08:53
21111,https://www.topazlabs.com/,True,28783416,2.0,21731479.08,0.0163936038080602,7.245972883162647,4.030210117615064,6.282028979248704,3.494064518258128,2022-05-06 19:16:39
23493,https://winnipegsun.com/,True,28771018,2.0,21722118.59,0.0163865425231866,7.242851795248501,4.028474168517215,6.279323094885126,3.4925595053751066,2022-05-07 10:01:02
24830,https://friday.ru/,False,28659070,1.0,21637597.85,0.0163227825039066,7.214669866726735,4.012799379873409,6.254890255497025,3.4789699601074444,2022-05-10 15:34:23
46697,https://www.cae.com/,True,28627153,2.0,21613500.515,0.016304604166327,7.206635041516554,4.0083304100915065,6.247924316536525,3.475095504857615,2022-05-19 10:25:10
14341,https://unmsm.edu.pe/,False,28567158,1.0,21568204.29,0.0162704339948482,7.19153182572294,3.9999300014670975,6.234830306825862,3.467812616656544,2022-05-06 10:27:34
26319,https://whatreallyhappened.com/,True,28500019,2.0,21517514.345,0.0162321949558798,7.174630170498881,3.990529300831477,6.220177107093148,3.4596625069652083,2022-05-11 11:20:09
40781,https://gocolumbialions.com/,False,28489337,1.0,21509449.435,0.0162261110193561,7.17194107055543,3.989033623442929,6.217845742617288,3.458365802043735,2022-05-15 10:20:19
41447,https://radiomayak.ru/,False,28474275,1.0,21498077.625,0.0162175324524287,7.168149343973492,3.986924665118056,6.214558435770685,3.456537401975654,2022-05-15 12:00:25
30929,https://www.lovense.com/,True,28449721,2.0,21479539.355,0.016203547713859,7.161968089525682,3.983486651394184,6.209199483950773,3.453556752973419,2022-05-12 17:17:36
19949,https://www.falabella.com.co/falabella-co,True,28433483,2.0,21467279.665,0.0161942993557546,7.157880315243546,3.98121303133846,6.205655513125175,3.451585596400222,2022-05-06 19:02:11
32087,https://www.eltonjohn.com/,False,28424108,1.0,21460201.54,0.0161889598214998,7.155520241102949,3.97990035810146,6.203609403598757,3.4504475502816283,2022-05-12 18:25:21
1652,https://www.uniqlo.com/fr/fr/home,False,28410987,1.0,21450295.185,0.0161814867517445,7.152217144271079,3.978063175643573,6.2007457232685015,3.44885477128194,2022-05-04 15:51:45
4748,https://koreaherald.com/,False,28399835,1.0,21441875.425,0.0161751351265702,7.149409725944047,3.9765016895700778,6.198311780501717,3.4475010123150542,2022-05-04 19:07:06
34334,https://umm.ac.id/,False,28376128,1.0,21423976.64,0.016161632797122,7.143441696327925,3.973182271497591,6.193137687857153,3.4446231819861475,2022-05-13 12:59:37
43851,https://graphicex.com/,True,28306298,2.0,21371254.99,0.016121861098241,7.125862605422549,3.963404781136021,6.177897172845976,3.436146407536931,2022-05-17 09:50:53
16605,https://www.appnext.com/,False,28240842,1.0,21321835.71,0.016084580612462,7.109384630708211,3.9542397315999054,6.163611290695445,3.4282005998848057,2022-05-06 12:21:17
16200,https://www.nextpit.com/,True,28193232,2.0,21285890.16,0.0160574643217027,7.097399230192602,3.947573451833125,6.1532203280764834,3.42242114647614,2022-05-06 12:07:25
39413,https://www.kfu.edu.sa/ar/pages/home.aspx,False,28175644,1.0,21272611.22,0.0160474470706656,7.09297160523422,3.945110806831273,6.149381717479081,3.420286111261864,2022-05-14 13:18:51
47025,https://osaka-info.jp/,True,28121225,2.0,21231524.875,0.016016452711774,7.079272098604124,3.937491141243613,6.137504679151812,3.413680102544237,2022-05-19 10:36:25
18620,https://www.lingoda.com/en/,False,28118883,1.0,21229756.665,0.0160151188249234,7.078682520616148,3.9371632179667007,6.136993533710652,3.413395803449864,2022-05-06 14:32:16
25461,https://www.kristv.com/,False,28070015,1.0,21192861.325,0.0159872860398609,7.066380429618526,3.930320794953824,6.126328010474705,3.4074636394260303,2022-05-10 16:10:54
9766,https://www.cw.com.tw/,True,28041153,2.0,21171070.515,0.0159708476785104,7.059114673901629,3.926279581624085,6.1200288304052135,3.40396003547138,2022-05-05 12:55:47
27357,https://www2.acadiau.ca/home.html,False,28030840,1.0,21163284.2,0.015964973906055,7.056518466476351,3.9248355710541456,6.117778000800312,3.402708124045133,2022-05-11 11:37:06
22184,https://www.usahockey.com/,False,28020237,1.0,21155278.935,0.0159589349640067,7.053849254090991,3.9233509551254087,6.115463878207393,3.4014210090589514,2022-05-07 08:31:58
14326,https://akurat.co/,True,27931342,2.0,21088163.21,0.0159083047882653,7.031470716413297,3.910904012469075,6.096062394863293,3.390629904022963,2022-05-06 10:24:03
11950,https://simpasian.net/,True,27920855,2.0,21080245.525,0.0159023319140542,7.02883070601197,3.9094356386838567,6.093773589465582,3.389356870460756,2022-05-05 18:27:40
6000,https://www.iadb.org/en,False,27901290,1.0,21065473.95,0.0158911886620335,7.02390538861882,3.906696177149787,6.0895034952912495,3.386981844080992,2022-05-04 19:31:08
30096,http://hkcd.com/,False,27876721,1.0,21046924.355,0.015877195380209,7.017720358052384,3.903256063148735,6.084141269696095,3.383999374204967,2022-05-12 14:12:43
7918,https://howard.edu/,False,27855644,1.0,21031011.22,0.0158651909681037,7.012414407901838,3.9003048936750018,6.079541178977341,3.3814408037471964,2022-05-05 10:52:21
32545,https://www.dcnepal.com/,False,27831296,1.0,21012628.48,0.0158513235569,7.006285012149812,3.8968957237577246,6.074227187004091,3.3784851614116747,2022-05-13 09:16:18
39134,https://ramboll.com/,False,27772059,1.0,20967904.545,0.0158175851045642,6.99137261621738,3.8886014491401055,6.061298612069005,3.37129428803278,2022-05-14 13:03:04
37252,https://www.redlands.edu/,True,27669931,2.0,20890797.905,0.0157594180694315,6.965662786688749,3.8743016419562815,6.039009004206174,3.358896808139473,2022-05-14 10:27:30
14753,https://tophat.com/,False,27636974,1.0,20865915.37,0.0157406473995186,6.957366150587239,3.8696870529566216,6.031816083495544,3.3548961056402207,2022-05-06 10:43:30
18125,https://www.casio.com/jp/,False,27571441,1.0,20816437.955,0.0157033230583649,6.940868791797291,3.860511221997653,6.017513395965435,3.346940950835974,2022-05-06 13:58:12
39430,https://www.columbiaspectator.com/,False,27510608,1.0,20770509.04,0.0156686756037175,6.925554616843164,3.851993477888167,6.004236491344572,3.3395563364858503,2022-05-14 13:18:25
34600,https://ciallispik.us/,True,27493367,2.0,20757492.085,0.0156588559866417,6.921214346095641,3.849579419298395,6.000473614081109,3.3374634241519123,2022-05-13 13:19:07
1788,https://www.gmanetwork.com/,False,27478179,1.0,20746025.145,0.0156502056563738,6.917390900117253,3.8474528186452153,5.997158807522469,3.3356197287439966,2022-05-04 15:51:50
44479,https://barta24.com/,True,27457833,2.0,20730663.915,0.0156386175855528,6.9122689728143625,3.844604002679348,5.992718258783856,3.33314989553558,2022-05-18 11:51:02
15444,https://rowman.com/,False,27446419,1.0,20722046.345,0.0156321167381946,6.909395598282013,3.843005831764455,5.990227134076172,3.331764331973166,2022-05-06 11:33:29
43047,https://www.fightforthefuture.org/,True,27438529,2.0,20716089.395,0.0156276229861658,6.907409359885286,3.841901085968196,5.988505128298738,3.3308065523597574,2022-05-16 12:50:22
22710,https://www.dealerinspire.com/,True,27396310,2.0,20684214.05,0.0156035771411843,6.896781096403488,3.835989645819619,5.979290760501848,3.325681520991127,2022-05-07 09:10:30
32188,https://www.collectors.com/,True,27377910,2.0,20670322.05,0.015593097415287,6.892149057556876,3.833413305813133,5.975274929537998,3.323447915809034,2022-05-12 18:25:14
10750,https://www.mealplays.com/,True,27335849,2.0,20638565.995,0.0155691415592562,6.881560569191259,3.8275239885841774,5.966095045506992,3.3183420643109884,2022-05-05 16:46:45
24273,https://jogaeparty51.com/,False,27294737,1.0,20607526.435,0.0155457262064795,6.871210983263981,3.8217675488914256,5.957122282322981,3.313351413428041,2022-05-07 11:01:53
18398,https://www.radixdlt.com/,False,27280311,1.0,20596634.805,0.0155375098735559,6.86757936411174,3.819747642318949,5.95397378354665,3.311600218408646,2022-05-06 14:11:54
45853,https://www.marv.jp/,False,27195907,1.0,20532909.785,0.0154894375483039,6.846331396350359,3.8079295226500687,5.935552468510085,3.301354282985309,2022-05-18 16:28:41
18682,https://niezalezna.pl/,True,27192960,2.0,20530684.8,0.0154877590835094,6.845589514911175,3.807516888193595,5.93490928080082,3.300996541981416,2022-05-06 14:32:22
20201,https://www.16pic.com//,False,27175511,1.0,20517510.805,0.0154778209999669,6.841196881985385,3.8050737057602704,5.931101007187331,3.2988783801975927,2022-05-06 19:10:01
47631,https://www.stpete.org/,False,27123149,1.0,20477977.495,0.0154479982060845,6.828015207089392,3.797742058183119,5.9196729125716185,3.292522073972333,2022-05-19 12:15:32
2938,https://www.leagueoflegends.com/en-gb/,True,27104186,2.0,20463660.43,0.0154371978233568,6.8232414379237225,3.7950868877731736,5.915534205910341,3.290220125327332,2022-05-04 17:30:59
33826,https://www.goucher.edu/,False,27089006,1.0,20452199.53,0.0154285520494915,6.819420005875268,3.792961407267824,5.912221145365164,3.288377401052104,2022-05-13 10:47:35
40811,https://www.bemidjipioneer.com/,False,27013495,1.0,20395188.725,0.0153855447352398,6.800410772976001,3.782388471929251,5.8957407425439,3.2792110010029165,2022-05-15 10:19:55
23843,https://microblink.com/commerce/,False,26969090,1.0,20361662.95,0.0153602538532577,6.789232203139924,3.776170951386425,5.88604927656837,3.273820607627327,2022-05-07 10:37:35
29412,https://www.sibur.ru/ru/,False,26952262,1.0,20348957.81,0.0153506694604642,6.784995901525207,3.77381472042832,5.882376537249908,3.2717778300183986,2022-05-12 13:07:41
34328,https://www.momcollective.com/,True,26947271,2.0,20345189.605,0.0153478268348146,6.783739460988064,3.77311588820156,5.881287243100965,3.271171964612756,2022-05-13 12:59:37
12094,https://aopa.org/,True,26941858,2.0,20341102.79,0.0153447438589297,6.782376785646938,3.772357968176826,5.880105846741871,3.270514871957828,2022-05-05 18:33:39
22022,https://www.lth.se/,False,26933966,1.0,20335144.33,0.0153402489678002,6.780390043767728,3.7712529423436094,5.878383404461071,3.269556849561248,2022-05-07 08:23:40
51324,https://www.elektramusicgroup.com/,True,26795460,2.0,20230572.3,0.0152613628311082,6.745522371349857,3.7518595429447896,5.848154236880691,3.25274338655304,2022-05-21 10:17:50
534,https://www.inc.com/,False,26759447,1.0,20203382.485,0.0152408516154158,6.736456414013822,3.746817057474487,5.840294339027368,3.2483717113670214,2022-05-04 17:22:11
18678,https://www.trains.com/,False,26756869,1.0,20201436.095,0.0152393833146896,6.735807425092813,3.746456089836622,5.839731686189064,3.248058763858357,2022-05-06 14:31:50
19379,https://www.dongao.com/,False,26736560,1.0,20186102.8,0.0152278163172304,6.730694812215865,3.743612454554464,5.835299212762715,3.2455934221386213,2022-05-06 18:38:28
611,https://www.uchicago.edu/,False,26714579,1.0,20169507.145,0.0152152970316354,6.725161287982855,3.740534708376064,5.830501822522693,3.2429251136871216,2022-05-04 17:21:57
12034,https://secure.imvu.com/,False,26561867,1.0,20054209.585,0.0151283198630902,6.686717379485909,3.7191522064700617,5.797172171536201,3.2243871618084343,2022-05-05 18:31:15
31677,https://godsunchained.com/,False,26560425,1.0,20053120.875,0.0151274985715281,6.68635436861543,3.7189502998239017,5.7968574526095775,3.2242121151414462,2022-05-12 17:52:24
25024,https://acehotel.com/,True,26559264,2.0,20052244.32,0.015126837323606,6.686062097033859,3.718787738370232,5.796604062405826,3.22407117951012,2022-05-10 16:01:00
40824,https://sparkmailapp.com/,False,26533296,1.0,20032638.48,0.0151120472408831,6.679524880470336,3.715151738517601,5.79093650270641,3.2209188828053046,2022-05-15 10:19:02
14483,https://www.wanyx.com/,False,26503464,1.0,20010115.32,0.0150950564157217,6.672014935749025,3.710974707263607,5.784425618504585,3.2172975290122494,2022-05-06 10:32:28
44474,https://www.calvertjournal.com/,True,26498615,2.0,20006454.325,0.0150922946662176,6.670794242468197,3.710295757660811,5.7833673160946,3.216708901211816,2022-05-18 11:50:33
27275,https://superhuman.com/,True,26453716,2.0,19972555.58,0.0150667224263772,6.659491312458739,3.7040090679895497,5.773568033787758,3.2112585403927505,2022-05-11 11:36:43
7758,https://onepiecechapters.com/?2022-05-05T10,True,26428644,2.0,19953626.22,0.0150524426607415,6.6531796560477465,3.700498524693756,5.768096027596147,3.208215010548976,2022-05-05 10:44:48
49374,https://hpu.edu/,False,26426827,1.0,19952254.385,0.0150514077878091,6.652722242211644,3.700244111118116,5.767699464288467,3.2079944420372444,2022-05-20 08:43:12
49295,https://www.ridefox.com/,False,26406175,1.0,19936662.125,0.01503964543459,6.647523282088805,3.6973524494977927,5.763192130534911,3.205487463003517,2022-05-20 08:43:49
38654,https://sportscorner.qa/,False,26336962,1.0,19884406.31,0.0150002251482568,6.630099515529535,3.687661350537527,5.748086276812033,3.197085587162852,2022-05-14 12:40:30
30304,https://www.fundable.com/,False,26318655,1.0,19870584.525,0.0149897983905393,6.625490888618399,3.685098032249552,5.744090743254685,3.194863271398255,2022-05-12 14:12:05
9437,https://www.cummins.com/,False,26292583,1.0,19850900.165,0.0149749490745831,6.618927490965743,3.6814474704751454,5.738400485380256,3.191698349968497,2022-05-05 12:12:45
16747,https://theoceancleanup.com/,False,26275658,1.0,19838121.79,0.0149653094354085,6.614666770450585,3.679077657724615,5.734706575648562,3.189643797375729,2022-05-06 12:32:10
6412,https://trezor.io/,True,26254626,2.0,19822242.63,0.0149533306530676,6.609372148655914,3.6761327890824185,5.730116306255535,3.1870906895393283,2022-05-04 19:46:36
40566,https://www.neom.com/en-us,False,26245930,1.0,19815677.15,0.0149483778434805,6.607183006818406,3.6749151883923967,5.728218389621749,3.1860350683076164,2022-05-15 10:06:18
22224,https://nartag.com/,True,26228290,2.0,19802358.95,0.0149383309758268,6.602742291315459,3.6724452624296577,5.724368429936842,3.183893720730871,2022-05-07 08:31:48
30422,https://www.campusgroups.com/product/home/,True,26216631,2.0,19793556.405,0.01493169058864,6.599807240178903,3.670812786987505,5.721823833566868,3.182478416229891,2022-05-12 14:56:30
50516,https://csb.gov.tr/,False,26131704,2.0,19729436.52,0.0148833203885704,6.578427611748129,3.6589214376543087,5.703288372900189,3.172168993007084,2022-05-21 08:46:37
4571,https://www.xbox.com/en-US/xbox-game-pass,False,26085844,2.0,19694812.22,0.014857200810872,6.566882758405432,3.652500190225101,5.693279350726158,3.1666019748738883,2022-05-04 18:51:56
5446,https://www.xmu.edu.cn/,False,26085425,2.0,19694495.875,0.0148569621692877,6.566777278825176,3.6524415224825617,5.693187903271058,3.166551111799362,2022-05-04 19:18:10
33456,https://sbmu.ac.ir/,False,26059735,2.0,19675099.925,0.0148423304215539,6.560310046326835,3.648844447766985,5.687581017539466,3.16343256195545,2022-05-13 10:20:18
26013,https://mythicspoiler.com/,True,26043651,2.0,19662956.505,0.0148331697741989,6.556261040195916,3.646592390556968,5.68407065747302,3.1614800996864934,2022-05-10 16:47:14
49424,https://www.loopinsight.com/,True,26032013,2.0,19654169.815,0.0148265413475688,6.5533312756254345,3.644962855502866,5.681530644388387,3.16006734440882,2022-05-20 08:42:34
20286,https://www.pepsi.com/,False,25959315,2.0,19599282.825,0.0147851361783687,6.535030190838967,3.6347837921446327,5.665664183550887,3.1512424188910027,2022-05-06 19:11:56
12564,https://xsijishe.net/,True,25946008,2.0,19589236.04,0.0147775571722537,6.531680270136148,3.632920566249725,5.662759908407629,3.149627061056323,2022-05-05 18:52:14
40463,https://www.oreo.com/,False,25918513,2.0,19568477.315,0.0147618973861914,6.524758644696606,3.629070758180252,5.656759078388551,3.1462893993997114,2022-05-15 10:04:59
43907,https://www.bbcnews1.com/,True,25916454,2.0,19566922.77,0.0147607246820814,6.524240309480019,3.628782460132786,5.6563096981736285,3.146039454124172,2022-05-17 10:02:02
1195,https://www.airtable.com/,False,25916111,2.0,19566663.805,0.0147605293263215,6.524153962234129,3.6287344337946217,5.656234837846421,3.145997816810179,2022-05-04 15:38:06
46783,https://www.metroradio.com.hk/superhome/,False,25895065,2.0,19550774.075,0.0147485425702761,6.518855816062074,3.6257876048937248,5.651641512929834,3.1434430094915733,2022-05-19 10:27:08
22075,https://azoraworld.com/?2022-05-07,True,25886478,2.0,19544290.89,0.014743651841674,6.516694114019908,3.624585266217872,5.6497673857294775,3.142400619942735,2022-05-07 08:27:16
18443,https://espnpressroom.com/us/,True,25826590,2.0,19499075.45,0.0147095426120795,6.501617834539153,3.616199839570676,5.636696728948878,3.135130720641365,2022-05-06 14:12:00
25797,https://cafebabel.com/en/,False,25801486,2.0,19480121.93,0.0146952446208335,6.495298122408428,3.612684815683567,5.631217738703415,3.1320833062668387,2022-05-10 16:30:52
42744,https://www.simsfinds.com/,True,25798944,2.0,19478202.72,0.0146937968239188,6.494658196172118,3.6123288887109313,5.630662942925692,3.131774728855269,2022-05-16 12:15:21
12951,https://spectator.org/,False,25736397,2.0,19430979.735,0.0146581731600221,6.47891253672978,3.603571152929103,5.617011954920479,3.12418204932677,2022-05-05 19:04:44
2833,https://lsu.edu/,False,25701386,2.0,19404546.43,0.0146382326337508,6.470098824117891,3.5986689659743707,5.60937074525334,3.119932008509908,2022-05-04 17:34:37
42379,https://flakeads.co.uk/,True,25691114,2.0,19396791.07,0.0146323822128586,6.467512938083523,3.597230696162055,5.607128863967434,3.118685074138686,2022-05-16 11:48:36
23100,https://www.kmutt.ac.th/,False,25676999,2.0,19386134.245,0.0146243430100847,6.46395961045744,3.595254335336428,5.604048241464459,3.116971631902532,2022-05-07 09:33:21
46505,http://www.fortunechina.com/,True,25670591,2.0,19381296.205,0.0146206933316309,6.462346452580858,3.594357096925473,5.602649684680962,3.1161937546195504,2022-05-19 10:10:15
17343,https://stratechery.com/,True,25651515,2.0,19366893.825,0.0146098285897169,6.457544236654882,3.5916861044274446,5.598486315579526,3.113878088725332,2022-05-06 13:14:15
4971,https://oklahoma.gov/,False,25631097,2.0,19351478.235,0.0145981995112728,6.452404183982592,3.588827207131117,5.594030052719751,3.111399515322725,2022-05-04 19:07:49
14706,https://mungfali.com/,False,25595939,2.0,19324933.945,0.0145781752611044,6.44355346540818,3.583904437460029,5.586356760055238,3.1071316299427227,2022-05-06 10:40:06
28140,https://ohsonline.com/Home.aspx,True,25564829,2.0,19301445.895,0.0145604565506335,6.435721795380022,3.579548462590368,5.579566950202771,3.103355137702781,2022-05-12 12:38:54
51328,https://dreamsub.me/,True,25541467,2.0,19283807.585,0.0145471507160458,6.429840616492276,3.5762773508930032,5.574468154388779,3.100519187471038,2022-05-21 10:17:43
15577,https://app.diagrams.net/,True,25535610,2.0,19279385.55,0.0145438148598186,6.428366168039851,3.575457262663764,5.573189854282514,3.0998081969519338,2022-05-06 11:37:25
49523,https://myrosmol.ru/,True,25511614,2.0,19261268.57,0.0145301479303278,6.42232538520489,3.572097379250959,5.567952686901615,3.096895284454677,2022-05-20 08:47:52
34103,https://du.ac.bd/,False,25483287,2.0,19239881.685,0.0145140142783988,6.415194311052281,3.5681310758072784,5.561770271482431,3.093456624998528,2022-05-13 12:54:03
6256,https://flamescans.org/,True,25474758,2.0,19233442.29,0.0145091565837152,6.413047210002132,3.566936858203185,5.559908802879677,3.092421276161676,2022-05-04 19:31:34
20059,https://ottawasun.com/,True,25425969,2.0,19196606.595,0.014481368793128,6.400765006562602,3.5601054966501184,5.549260521526672,3.0864987020731345,2022-05-06 19:04:53
19591,https://edsource.org/,True,25422019,2.0,19193624.345,0.014479119069362,6.399770628658031,3.559552423659596,5.548398427379542,3.0860192053085007,2022-05-06 18:44:44
5145,https://www.unlv.edu/,False,25386277,2.0,19166639.135,0.0144587622018065,6.390772893198488,3.554547883196998,5.540597675732264,3.0816804272422846,2022-05-04 19:16:34
37740,https://www.burlington.com/,False,25374251,2.0,19157559.505,0.0144519127896521,6.387745453026239,3.552864020973193,5.537972980994694,3.080220572029248,2022-05-14 11:54:59
14162,https://itu.edu.tr/,False,25372305,2.0,19156090.275,0.0144508044447284,6.387255564569961,3.5525915450138115,5.53754826321993,3.079984344002925,2022-05-06 10:19:09
37342,https://maho.jp/,False,25371755,2.0,19155675.025,0.0144504911920521,6.387117106887047,3.552514534850575,5.537428224794381,3.079917578630634,2022-05-14 10:25:42
5587,https://www.elcorteingles.es/,False,25366998,2.0,19152083.49,0.0144477818411774,6.385919573800452,3.5518484669478108,5.536390001539216,3.079340118856112,2022-05-04 19:22:29
25640,https://a24films.com/,False,25364656,2.0,19150315.28,0.0144464479543268,6.3853299958124765,3.5515205436708985,5.535878856098058,3.07905581976174,2022-05-10 16:37:24
27961,https://www.pearlabyss.com/en-US,False,25350270,2.0,19139453.85,0.014438254403416,6.381708446309903,3.549506237837567,5.532739087389039,3.077309480405783,2022-05-12 12:38:18
29781,https://www.abc6.com/,False,25343331,2.0,19134214.905,0.014434302293742,6.379961613833999,3.5485346496144694,5.531224638961964,3.076467144190644,2022-05-12 13:57:14
41428,https://investingchannel.com/,False,25321087,2.0,19117420.685,0.0144216332164127,6.37436188165443,3.545420078576193,5.526369848529362,3.0737669097520306,2022-05-15 12:01:09
51101,https://westcoastuniversity.edu/,False,25303651,2.0,19104256.505,0.0144117025370243,6.369972521364782,3.542978716383092,5.522564412187748,3.071650326058825,2022-05-21 10:04:02
19351,https://www.podcastone.com/,False,25283947,2.0,19089379.985,0.0144004801175091,6.365012211939041,3.5402197922804937,5.518263981029504,3.0692584262486093,2022-05-06 18:36:01
43364,https://responsiveads.com/,False,25282462,2.0,19088258.81,0.0143996343352831,6.3646383761951695,3.5400118648397525,5.517939877280519,3.069078159743424,2022-05-16 13:27:37
1987,https://www.ualberta.ca/index.html,True,25275110,2.0,19082708.05,0.0143954470013268,6.362787574586459,3.538982448984988,5.516335290908443,3.0681856888032755,2022-05-04 15:44:38
3895,https://www.quantummetric.com/,False,25266734,2.0,19076384.17,0.0143906764478422,6.360678989946284,3.5378096542081225,5.514507214813159,3.0671689128790787,2022-05-04 17:29:50
25193,https://endpts.com/,True,25228303,2.0,19047368.765,0.0143687880594749,6.351004322287906,3.5324286040565327,5.506119584390783,3.062503712838153,2022-05-10 16:11:00
44027,https://www.funcom.com/,False,25216494,2.0,19038452.97,0.01436206223974,6.348031509965099,3.530775125842588,5.503542250268386,3.061070199599276,2022-05-17 10:09:11
31719,https://www.americansforthearts.org/,False,25213934,2.0,19036520.17,0.0143606041909195,6.347387052386441,3.530416678537338,5.5029835259603725,3.0607594371391587,2022-05-12 17:51:18
51872,https://atomicobject.com/,False,25205656,2.0,19030270.28,0.0143558894533664,6.345303138387949,3.5292576055713765,5.5011768385300055,3.0597545575903884,2022-05-21 14:45:24
17525,https://velog.io/,False,25185576,2.0,19015109.88,0.0143444528829306,6.340248174255342,3.5264460345208204,5.496794344739021,3.057317014543843,2022-05-06 13:32:49
36229,https://zui.com/,False,25176563,2.0,19008305.065,0.0143393195258919,6.337979230444227,3.5251840479730783,5.494827242321782,3.0562229121793747,2022-05-13 15:11:40
38246,https://www.livenationentertainment.com/,True,25173578,2.0,19006051.39,0.0143376194181852,6.337227782837862,3.524766092814418,5.494175761048572,3.055860558295215,2022-05-14 12:17:48
40185,https://venge.io/,True,25122622,2.0,18967579.61,0.0143085974120534,6.324400056127645,3.517631311218196,5.4830545282989,3.049674928639848,2022-05-15 09:17:55
33712,https://kyliecosmetics.com/en-us,True,25113242,2.0,18960497.71,0.0143032550300471,6.32203872328084,3.5163179378888025,5.481007327514068,3.048536275563324,2022-05-13 10:46:18
13504,https://www.kingdee.com/,False,25107273,2.0,18955991.115,0.014299855384184,6.320536079809349,3.5154821675899592,5.479704583219328,3.0478116891865894,2022-05-06 09:33:09
