URL,Green Hosting,Bytes,Cleaner Than %,Stats_Adjusted Bytes,Stats_Energy,Stats_CO2_Grid_Grams,Stats_CO2_Grid_Litres,Stats_CO2_Renewable_Grams,Stats_CO2_Renewable_Litres,
https://www.google.com/,TRUE,170821,0.96,128969.855,9.73E-05,0.043002691,0.023918097,0.037281971,0.020736232,1651677726
https://www.youtube.com/,TRUE,3543405,0.32,2675270.775,0.002018147,0.892021174,0.496142177,0.773354104,0.430139553,1651668187
https://www.facebook.com/,TRUE,435816,0.91,329041.08,0.000248219,0.109712861,0.061022293,0.095117575,0.052904395,1651677735
https://www.netflix.com/fr-en/,TRUE,2004776,0.54,1513605.88,0.001141821,0.504684799,0.280705685,0.437545736,0.243362938,1651677748
https://www.microsoft.com/fr-fr/,unknown,768548,0.8,580253.74,0.000437727,0.193475228,0.107610922,0.167736894,0.093295261,1651677764
https://www.instagram.com/accounts/login/,TRUE,1294778,0.69,977557.39,0.000737441,0.325949021,0.181292846,0.282587477,0.157175155,1651684399
https://twitter.com/,unknown,1612252,0.57,1217250.26,0.000918259,0.40587032,0.225745072,0.351876712,0.195713827,1651677870
https://www.baidu.com/,unknown,343366,0.92,259241.33,0.000195564,0.086439383,0.048077585,0.074940207,0.041681743,1651677887
https://www.linkedin.com/,unknown,413977,0.9,312552.635,0.000235781,0.104215084,0.05796443,0.090351177,0.050253325,1651677871
https://www.wikipedia.org/,unknown,72928,0.98,55060.64,4.15E-05,0.018358985,0.010211268,0.015916659,0.008852846,1651677863
https://www.apple.com/,unknown,1584056,0.58,1195962.28,0.0009022,0.398772224,0.221797111,0.345722888,0.19229107,1651677869
https://www.yahoo.com/,unknown,2017477,0.48,1523195.135,0.001149055,0.507882165,0.28248406,0.44031775,0.244904733,1651677877
https://www.bilibili.com/,unknown,2218311,0.44,1674824.805,0.00126344,0.558440366,0.310604531,0.484150109,0.26928429,1651677891
https://www.qq.com/,unknown,1110923,0.69,838746.865,0.000632727,0.279665135,0.155549748,0.242460814,0.134856705,1651677880
https://www.amazon.com/,unknown,3080593,0.32,2325847.715,0.001754553,0.775512307,0.431339945,0.672344606,0.37395807,1651677880
https://outlook.live.com/owa/,unknown,2553102,0.39,1927592.01,0.00145412,0.642721068,0.357481458,0.557218808,0.309925101,1651677873
https://wordpress.org/,unknown,1456644,0.61,1099766.22,0.000829632,0.366697369,0.203957077,0.317915004,0.176824325,1651677866
https://www.bing.com/?toWww=1&redig=414730498CC644F3A3ED1B52F0EC219D,unknown,1492207,0.6,1126616.285,0.000849887,0.375650043,0.208936554,0.325676689,0.181141374,1651677870
https://github.com/,unknown,1135965,0.69,857653.575,0.000646989,0.28596924,0.159056091,0.247926273,0.137896593,1651677933
https://www.reddit.com/,unknown,5372529,0.18,4056259.395,0.003059926,1.352487121,0.752253337,1.172563495,0.652179816,1651684801
https://www.pinterest.com/,unknown,6585890,0.14,4972346.95,0.003750996,1.657940126,0.922146298,1.437381575,0.799471632,1651677879
https://www.youtube.com/?feature=youtu.be,TRUE,3442280,0.34,2598921.4,0.001960552,0.866563841,0.481982809,0.751283403,0.417863829,1651677882
https://www.zhihu.com/signin?next=%2F,unknown,1643134,0.57,1240566.17,0.000935847,0.413644593,0.230069123,0.358616761,0.199462642,1651677888
https://vimeo.com/,TRUE,697539,0.85,526641.945,0.000397284,0.175599334,0.09766835,0.152239061,0.084675365,1651677929
https://www.office.com/,unknown,3848440,0.26,2905572.2,0.00219188,0.968811064,0.538852714,0.839928506,0.467168235,1651677869
https://www.adobe.com/,TRUE,1706764,0.6,1288606.82,0.000972088,0.429662889,0.238978499,0.372504115,0.207186789,1651677870
https://wordpress.com/,unknown,1357583,0.63,1024975.165,0.000773212,0.34175963,0.190086706,0.296294774,0.164799153,1651677868
https://developers.googleblog.com/2018/03/transitioning-google-url-shortener.html,TRUE,375315,0.92,283362.825,0.000213761,0.094482264,0.052551035,0.08191313,0.045560083,1651677865
https://marketingplatform.google.com/about/enterprise/,TRUE,730222,0.85,551317.61,0.000415898,0.183826993,0.102244573,0.15937218,0.088642807,1651677866
https://chaturbate.com/,TRUE,2203197,0.5,1663413.735,0.001254832,0.554635548,0.308488292,0.480851453,0.267449578,1651677900
https://world.taobao.com/,unknown,1748951,0.54,1320458.005,0.000996116,0.440283096,0.244885458,0.381711499,0.212307936,1651677886
https://zoom.us/,unknown,10995798,0.07,8301827.49,0.00626266,2.768095842,1.539614907,2.399851417,1.334797358,1651677877
https://www.google.com.hk/,TRUE,170896,0.96,129026.48,9.73E-05,0.043021571,0.023928598,0.03729834,0.020745336,1651677861
https://weibo.com/overseas,unknown,8426547,0.1,6362042.985,0.004799343,2.121309405,1.179872291,1.839108063,1.022911905,1651677905
https://bitly.com/,unknown,1553849,0.58,1173155.995,0.000884995,0.391167877,0.217567573,0.339130159,0.188624194,1651677877
https://vk.com/,unknown,1071172,0.7,808734.86,0.000610086,0.269658169,0.149983874,0.233785092,0.130031268,1651677879
https://www.csdn.net/,unknown,4369308,0.22,3298827.54,0.002488541,1.099935021,0.611783859,0.953608824,0.530397228,1651677894
https://www.blogger.com/about/?bpli=1,TRUE,1860789,0.57,1404895.695,0.001059813,0.468437333,0.260544845,0.406120331,0.225884128,1651677867
https://www.sina.com.cn/?from=kandian,unknown,6248252,0.14,4717430.26,0.003558694,1.572942717,0.874870739,1.363691514,0.75848522,1651677942
https://t.co/,unknown,2617,1,1975.835,1.49E-06,0.000658807,0.000366428,0.000571165,0.000317682,1651677861
https://www.mozilla.org/en-US/,TRUE,976873,0.77,737539.115,0.000556378,0.245919222,0.136780271,0.213204176,0.118584163,1651677868
https://www.msn.com/nl-nl/,unknown,958723,0.74,723835.865,0.000546041,0.241350118,0.134238936,0.209242908,0.116380905,1651677889
https://www.tumblr.com/explore/trending?source=homepage_explore,unknown,6178217,0.15,4664553.835,0.003518805,1.555312019,0.865064545,1.348406257,0.74998356,1651677883
https://yandex.ru/,unknown,3821589,0.26,2885299.695,0.002176587,0.96205156,0.535093078,0.83406823,0.46390875,1651677872
https://www.paypal.com/nl/home,unknown,2159553,0.45,1630462.515,0.001229974,0.543648554,0.302377326,0.471326076,0.262151564,1651677870
https://www.nytimes.com/,unknown,7366937,0.12,5562037.435,0.004195841,1.854561868,1.031507311,1.607846397,0.894284166,1651684806
https://www.tiktok.com/,unknown,2215237,0.44,1672503.935,0.001261689,0.557666513,0.310174115,0.483479203,0.268911133,1651677883
https://www.sohu.com/,unknown,1512463,0.59,1141909.565,0.000861424,0.380749314,0.211772768,0.330097595,0.183600282,1651677904
https://www.xvideos.com/,unknown,1312928,0.64,991260.64,0.000747779,0.330518125,0.183834181,0.286548745,0.159378412,1651677885
https://global.jd.com/,unknown,2941442,0.34,2220788.71,0.001675299,0.740482261,0.411856234,0.641974666,0.357066309,1651677898
https://www.nih.gov/,unknown,913354,0.76,689582.27,0.000520201,0.22992887,0.127886438,0.199341048,0.110873491,1651677874
https://www.tmall.com/,unknown,1098186,0.69,829130.43,0.000625472,0.276458707,0.153766333,0.239680943,0.13331054,1651677891
https://www.pornhub.com/,unknown,4392904,0.22,3316642.52,0.00250198,1.105875107,0.615087735,0.95875869,0.533261584,1651677905
https://www.spotify.com/us/,TRUE,1742026,0.59,1315229.63,0.000992171,0.438539788,0.24391583,0.380200106,0.211467299,1651677890
https://www.skype.com/en/,unknown,2938053,0.34,2218230.015,0.001673369,0.73962911,0.411381711,0.641235011,0.356654913,1651677874
https://european-union.europa.eu/select-language?destination=/node/1,unknown,235949,0.95,178141.495,0.000134385,0.059398094,0.03303722,0.051496266,0.028642223,1651677863
https://flickr.com/,unknown,14213603,0.05,10731270.27,0.008095362,3.578150068,1.990167068,3.102142774,1.725411811,1651677873
https://marketingplatform.google.com/about/analytics/,TRUE,1189467,0.72,898047.585,0.000677461,0.299437899,0.16654736,0.259603174,0.144391286,1651677870
https://stackoverflow.com/,unknown,633697,0.85,478441.235,0.000360922,0.15952767,0.08872929,0.138305437,0.076925484,1651677871
https://medium.com/,TRUE,1641083,0.62,1239017.665,0.000934679,0.413128272,0.229781945,0.358169126,0.199213668,1651677874
https://www.consortiumeducation.com/,TRUE,2637428,0.43,1991258.14,0.001502148,0.6639494,0.369288656,0.575623099,0.320161568,1651677872
https://www.imdb.com/,unknown,2779067,0.36,2098195.585,0.001582819,0.699605777,0.389120733,0.606536049,0.337355351,1651677907
https://www.microsoft.com/nl-nl/microsoft-365?ms.url=office365com&rtc=1,unknown,2572261,0.39,1942057.055,0.001465032,0.647544178,0.360164072,0.561400292,0.312250842,1651677877
https://en.gravatar.com/,unknown,279270,0.94,210848.85,0.000159058,0.070303777,0.039102961,0.060951147,0.033901028,1651677866
https://www.canva.com/,TRUE,1282799,0.69,968513.245,0.000730619,0.322933413,0.179615564,0.27997304,0.155721005,1651677880
https://letsencrypt.org/docs/lencr.org/,TRUE,458984,0.9,346532.92,0.000261414,0.115545202,0.064266241,0.10017403,0.055716796,1651677862
https://www.twitch.tv/,unknown,4914785,0.19,3710662.675,0.002799217,1.237254078,0.688160718,1.072660097,0.596613546,1651677876
https://www.cnn.com/,unknown,4431617,0.22,3345870.835,0.002524029,1.115620766,0.62050827,0.967207868,0.537961016,1651677880
https://www.yahoo.co.jp/,unknown,1436965,0.61,1084908.575,0.000818424,0.361743353,0.201201653,0.313620029,0.17443546,1651677899
https://www.dropbox.com/,unknown,1430115,0.61,1079736.825,0.000814522,0.360018926,0.200242527,0.312125005,0.173603928,1651677945
https://soundcloud.com/,unknown,2347569,0.42,1772414.595,0.001337059,0.590979935,0.32870304,0.512360885,0.284975124,1651677871
https://nl.aliexpress.com/?gatewayAdapt=glo2nld,unknown,1068119,0.7,806429.845,0.000608348,0.268889603,0.149556397,0.233118769,0.129660659,1651677873
https://www.ebay.com/,unknown,3104550,0.32,2343935.25,0.001768197,0.781543272,0.434694368,0.677573262,0.376866248,1651677885
https://telegram.org/,unknown,1288638,0.64,972921.69,0.000733944,0.32440333,0.180433132,0.281247412,0.156429811,1651677864
https://www.icloud.com/,unknown,1470917,0.6,1110542.335,0.000837761,0.370290472,0.205955561,0.321030111,0.178556947,1651677873
https://www.fandom.com/,unknown,4304210,0.23,3249678.55,0.002451464,1.08354717,0.602668936,0.939401076,0.522494878,1651677948
https://www.bbc.com/,unknown,2960658,0.34,2235296.79,0.001686244,0.745319721,0.414546829,0.646168591,0.35939897,1651677872
https://www.amazon.in/,TRUE,4299987,0.26,3246490.185,0.002449059,1.082484067,0.602077638,0.938479399,0.521982242,1651677883
https://apache.org/,TRUE,1793167,0.58,1353841.085,0.001021299,0.451414087,0.251076515,0.391361715,0.217675386,1651677871
https://www.naver.com/,unknown,5006592,0.19,3779976.96,0.002851506,1.260365687,0.701015395,1.092697129,0.607758143,1651677879
https://archive.org/,unknown,495789,0.88,374320.695,0.000282377,0.124810538,0.069419621,0.108206784,0.060184613,1651677872
https://www.cloudflare.com/,TRUE,1224536,0.71,924524.68,0.000697435,0.308266213,0.171457668,0.267257043,0.148648367,1651677873
https://www.theguardian.com/us,unknown,3173367,0.32,2395892.085,0.001807392,0.798867349,0.444330019,0.692592688,0.385220053,1651677884
https://mail.ru/,unknown,3542380,0.28,2674496.9,0.002017564,0.89176314,0.495998658,0.773130396,0.430015126,1651677886
https://www.forbes.com/,unknown,3575026,0.28,2699144.63,0.002036157,0.899981484,0.500569702,0.780255441,0.433978076,1651677882
https://www.bbc.com/,unknown,4322660,0.22,3263608.3,0.002461972,1.088191796,0.605252277,0.943427819,0.524734553,1651677890
https://www.douban.com/,unknown,1480210,0.6,1117558.55,0.000843054,0.372629903,0.207256752,0.323058323,0.179685039,1651677909
https://www.w3.org/,unknown,503891,0.88,380437.705,0.000286991,0.126850146,0.070554051,0.109975059,0.061168128,1651677865
https://www.quora.com/,unknown,2200598,0.44,1661451.49,0.001253351,0.553981273,0.308124384,0.480284217,0.267134081,1651677867
https://www.aparat.com/,unknown,2640061,0.38,1993246.055,0.001503648,0.664612234,0.369657325,0.576197756,0.320481192,1651684975
https://www.1688.com/,unknown,4386013,0.22,3311439.815,0.002498055,1.104140359,0.614122867,0.957254718,0.532425074,1651685050
https://pages.github.com/,unknown,3732094,0.26,2817730.97,0.002125615,0.939521978,0.522562124,0.814535796,0.45304481,1651684884
https://sourceforge.net/,TRUE,489715,0.9,369734.825,0.000278917,0.123281462,0.068569149,0.106881123,0.059447281,1651685391
https://xhamster.com/,TRUE,5554427,0.2,4193592.385,0.003163526,1.39827835,0.777722418,1.21226304,0.674260703,1651684832
https://www.digicert.com/,unknown,3101165,0.32,2341379.575,0.00176627,0.780691128,0.434220405,0.67683448,0.376455338,1651685171
https://www.etsy.com/,unknown,1639800,0.57,1238049,0.000933949,0.412805288,0.229602301,0.357889109,0.199057923,1651685088
https://www.sciencedirect.com/,TRUE,828951,0.82,625858.005,0.000472129,0.208681154,0.116068458,0.180919951,0.100627677,1651685632
https://www.google.co.in/,TRUE,170825,0.96,128972.875,9.73E-05,0.043003698,0.023918657,0.037282844,0.020736718,1651685045
https://creativecommons.org/,TRUE,3113019,0.37,2350329.345,0.001773021,0.783675268,0.435880184,0.679421635,0.377894314,1651678696
https://outlook.live.com/owa/,unknown,2555385,0.39,1929315.675,0.00145542,0.643295793,0.35780112,0.557717076,0.310202238,1651685073
https://www.who.int/,TRUE,7204701,0.14,5439549.255,0.00410344,1.813720376,1.008791273,1.572438117,0.874590081,1651684886
https://nl.bongacams.com/,unknown,2077573,0.46,1568567.615,0.001183282,0.523010807,0.290898611,0.453433803,0.252199881,1651684821
https://duckduckgo.com/,unknown,381122,0.91,287747.11,0.000217068,0.095944126,0.053364123,0.083180518,0.046265004,1651684822
https://spankbang.com/,TRUE,890824,0.8,672572.12,0.000507369,0.22425714,0.124731821,0.194423837,0.108138538,1651685007
https://www.researchgate.net/,TRUE,1186988,0.72,896175.94,0.000676049,0.298813833,0.166200254,0.259062128,0.144090356,1651685688
https://imgur.com/,unknown,6651435,0.14,5021833.425,0.003788327,1.674440506,0.931323809,1.451686882,0.807428244,1651685049
https://www.weebly.com/,unknown,3101719,0.32,2341797.845,0.001766585,0.780830592,0.434297975,0.676955391,0.376522589,1651685307
https://issuu.com/,unknown,4636530,0.21,3500580.15,0.002640737,1.167205819,0.649199877,1.011930475,0.56283573,1651685299
https://www.indeed.com/,unknown,1239336,0.66,935698.68,0.000705864,0.311991983,0.173529941,0.270487168,0.150444963,1651684898
https://www.cnblogs.com/,unknown,3483893,0.28,2630339.215,0.001984252,0.87703955,0.487809398,0.76036551,0.422915297,1651679125
https://discord.com/,TRUE,3596741,0.32,2715539.455,0.002048525,0.905448045,0.503610203,0.784994776,0.436614094,1651684856
https://www.reuters.com/,unknown,3820435,0.26,2884428.425,0.00217593,0.961761051,0.534931496,0.833816368,0.463768664,1651679044
https://www.cdc.gov/,unknown,3405624,0.29,2571246.12,0.001939674,0.857336014,0.476850291,0.743283169,0.413414099,1651685587
https://www.washingtonpost.com/,TRUE,2361379,0.47,1782841.145,0.001344924,0.594456481,0.330636695,0.515374941,0.286651542,1651678672
https://www.amazon.co.uk/,TRUE,2788761,0.41,2105514.555,0.00158834,0.702046157,0.390478072,0.608651781,0.338532121,1651685216
https://telegram.org/,unknown,1288120,0.64,972530.6,0.000733649,0.324272928,0.180360603,0.281134358,0.15636693,1651685388
https://www.pikiran-rakyat.com/,unknown,1728308,0.54,1304872.54,0.000984358,0.435086402,0.241995057,0.377206129,0.209802049,1651686309
https://dotnet.microsoft.com/en-us/,unknown,3848278,0.26,2905449.89,0.002191788,0.968770282,0.538830031,0.839893149,0.46714857,1651684902
https://www.booking.com/,unknown,2099839,0.46,1585378.445,0.001195964,0.528616077,0.294016262,0.458293395,0.254902787,1651685257
https://www.360.cn/,unknown,4627315,0.21,3493622.825,0.002635489,1.164886024,0.647909606,1.009919286,0.561717107,1651685235
https://www.oracle.com/index.html,unknown,3813363,0.26,2879089.065,0.002171902,0.959980737,0.533941286,0.832272892,0.462910183,1651685314
https://www.wikimedia.org/,unknown,166241,0.96,125511.955,9.47E-05,0.041849716,0.023276812,0.036282378,0.020180259,1651685086
https://www.dailymail.co.uk/home/index.html,TRUE,3294442,0.35,2487303.71,0.00187635,0.82934692,0.461282757,0.71901751,0.399917539,1651679054
https://www.google.com/,TRUE,795181,0.83,600361.655,0.000452896,0.200179852,0.111340034,0.173549591,0.096528283,1651685503
https://youku.com/,unknown,4765878,0.2,3598237.89,0.002714407,1.199768045,0.667310987,1.040160894,0.578537489,1651685267
http://www.google.cn/,TRUE,27813,0.99,20998.815,1.58E-05,0.007001679,0.003894334,0.006070234,0.003376264,1651679047
https://www.amazon.co.jp/,TRUE,2820807,0.41,2129709.285,0.001606592,0.710113457,0.394965105,0.615645875,0.342422235,1651685021
https://www.xnxx.com/,unknown,1107802,0.69,836390.51,0.000630949,0.278879451,0.155112751,0.241779651,0.134477842,1651685255
https://www.blogger.com/about/?bpli=1,TRUE,1861116,0.57,1405142.58,0.001059999,0.468519653,0.260590631,0.406191699,0.225923823,1651684871
https://www.okezone.com/,TRUE,16170729,0.05,12208900.4,0.009210044,4.070839397,2.264200873,3.529288817,1.96299044,1651684843
https://tinyurl.com/app,TRUE,1740982,0.59,1314441.41,0.000991577,0.43827697,0.243769651,0.379972251,0.211340566,1651678722
https://www.wsj.com/,unknown,6445424,0.14,4866295.12,0.003670993,1.622579041,0.902478462,1.406724634,0.782420242,1651678726
https://www.microsoft.com/nl-nl/microsoft-365/sharepoint/collaboration?ms.officeurl=sharepoint&rtc=1,unknown,1016583,0.72,767520.165,0.000578995,0.255915867,0.142340405,0.22187095,0.123404623,1651685666
https://www.harvard.edu/,unknown,1733383,0.54,1308704.165,0.000987249,0.436363989,0.242705651,0.378313757,0.210418111,1651684867
https://www.wix.com/,unknown,2090246,0.46,1578135.73,0.0011905,0.526201123,0.292673065,0.456199707,0.253738277,1651685018
https://www.sogou.com/,unknown,180637,0.95,136380.935,0.000102882,0.045473783,0.025292518,0.039424329,0.021927812,1651678744
https://www.opera.com/,unknown,705318,0.82,532515.09,0.000401714,0.177557629,0.098757553,0.15393684,0.085619671,1651684911
https://www.google.com/,TRUE,170632,0.96,128827.16,9.72E-05,0.042955112,0.023891633,0.037240721,0.020713289,1651685234
https://www.businessinsider.com/,unknown,618084,0.85,466653.42,0.00035203,0.155597234,0.086543181,0.134897873,0.075030197,1651685577
https://wordpress.com/,unknown,1357163,0.63,1024658.065,0.000772973,0.341653899,0.190027898,0.296203109,0.164748169,1651684827
https://www.shopify.com/,unknown,1270860,0.65,959499.3,0.000723819,0.319927874,0.177943884,0.277367334,0.154271711,1651684889
https://web.mit.edu/,TRUE,1948455,0.55,1471083.525,0.001109743,0.490506481,0.272819705,0.425253583,0.236526043,1651685029
https://www.flipkart.com/,unknown,1236167,0.66,933306.085,0.000704059,0.311194215,0.173086223,0.269795528,0.150060273,1651684849
https://www.slideshare.net/,unknown,573330,0.86,432864.15,0.00032654,0.144330806,0.080276794,0.125130237,0.069597438,1651684862
https://www.alibabacloud.com/,unknown,4214657,0.23,3182066.035,0.002400459,1.061002986,0.590129861,0.919855983,0.511623898,1651686305
https://www.wiley.com/en-us,unknown,4134757,0.24,3121741.535,0.002354952,1.040888861,0.578942385,0.902417673,0.50192471,1651684864
https://www.salesforce.com/products/platform/products/force/?sfdc-redirect=300&bc=SM,unknown,1906573,0.5,1439462.615,0.001085889,0.479963054,0.266955451,0.416112766,0.23144192,1651685239
https://www.php.net/,unknown,931310,0.75,703139.05,0.000530428,0.234449136,0.130400609,0.203259975,0.113053198,1651684817
https://www.pixiv.net/en/,unknown,2991304,0.34,2258434.52,0.001703698,0.753034583,0.418837835,0.652857132,0.363119137,1651684882
https://www.behance.net/,unknown,2695000,0.37,2034725,0.001534938,0.678442646,0.3773498,0.588188285,0.327150324,1651685634
https://www.freepik.com/,TRUE,3375663,0.34,2548625.565,0.00192261,0.849793595,0.472655198,0.73674413,0.409777085,1651685203
https://ok.ru/,unknown,1211756,0.67,914875.78,0.000690156,0.30504896,0.169668232,0.264467786,0.147096983,1651685148
https://www.cnbc.com/world/?region=world,unknown,3567503,0.28,2693464.765,0.002031872,0.898087635,0.499516343,0.778613533,0.433064847,1651686078
https://www.microsoft.com/en-gb/windows/,unknown,8771582,0.1,6622544.41,0.004995857,2.208168944,1.228183567,1.914412532,1.064796251,1651685617
https://www.mediafire.com/,TRUE,1689651,0.6,1275686.505,0.000962341,0.425354841,0.236582362,0.368769174,0.205109415,1651684973
https://www.godaddy.com/fr-fr,unknown,438897,0.89,331367.235,0.000249974,0.110488476,0.06145369,0.095790009,0.053278403,1651686581
https://www.alibaba.com/,unknown,3554483,0.28,2683634.665,0.002024457,0.894809964,0.497693302,0.775771896,0.431484329,1651684866
https://www.nature.com/,unknown,1180254,0.68,891091.77,0.000672214,0.297118607,0.165257369,0.257592422,0.143272905,1651685451
https://www.merdeka.com/,TRUE,7246109,0.14,5470812.295,0.004127024,1.824144477,1.014589158,1.581475483,0.879616664,1651686193
https://www.tencent.com/en-us/,unknown,22799585,0.02,17213686.68,0.012985511,5.739595837,3.192363205,4.976047794,2.767677783,1651686041
https://kumparan.com/,TRUE,2272480,0.48,1715722.4,0.001294292,0.572076937,0.318189192,0.495972584,0.275859951,1651684992
https://www.ibm.com/nl-en,TRUE,1756407,0.59,1326087.285,0.001000362,0.442160079,0.245929436,0.383338783,0.213213031,1651684988
https://www.facebook.com/,TRUE,435685,0.91,328942.175,0.000248145,0.109679883,0.061003951,0.095088984,0.052888493,1651686206
https://www.samsung.com/nl/,unknown,1902138,0.5,1436114.19,0.001083363,0.478846582,0.266334469,0.415144819,0.230903549,1651685223
https://coinmarketcap.com/,TRUE,2339493,0.48,1766317.215,0.001332459,0.588946873,0.327572251,0.510598284,0.283994766,1651685114
https://www.springer.com/us,unknown,1163493,0.68,878437.215,0.000662668,0.292899172,0.16291052,0.253934305,0.141238261,1651684817
https://www.hp.com/be-nl/home.html,unknown,2967336,0.34,2240338.68,0.001690047,0.747000849,0.415481872,0.647626075,0.360209623,1651684922
https://www.un.org/,unknown,477988,0.89,360880.94,0.000272238,0.120329293,0.066927153,0.104321685,0.058023721,1651679084
https://www.walmart.com/blocked?url=Lz9vZG5Gb3JjZVRUTD0xMG0=&uuid=33a8cf60-cbd0-11ec-8390-373162e4b3ea&vid=33b1d892-cbd0-11ec-9b8e-587643485856&g=b,unknown,1729084,0.54,1305458.42,0.0009848,0.435281753,0.242103711,0.377375493,0.209896249,1651685572
https://fc2.com/,TRUE,1112503,0.74,839939.765,0.000633626,0.280062887,0.155770978,0.242805652,0.135048504,1651684818
https://www.amazon.de/,TRUE,2448029,0.46,1848261.895,0.001394276,0.61626986,0.342769296,0.534286449,0.297170123,1651684903
https://www.jianshu.com/,unknown,1317945,0.64,995048.475,0.000750636,0.331781111,0.184536654,0.287643714,0.159987434,1651684866
https://www.gnu.org/,unknown,440002,0.89,332201.51,0.000250603,0.11076665,0.061608411,0.096031177,0.053412541,1651679087
https://www.google.de/,TRUE,170815,0.96,128965.325,9.73E-05,0.04300118,0.023917256,0.037280661,0.020735504,1651684947
https://www.gov.uk/,unknown,207630,0.95,156760.65,0.000118256,0.052269034,0.029072037,0.045315597,0.025204535,1651684904
https://www.doi.org/,TRUE,89641,0.98,67678.955,5.11E-05,0.022566337,0.012551396,0.019564299,0.010881663,1651685465
https://www.so.com/?src=so.com,unknown,524707,0.87,396153.785,0.000298847,0.132090392,0.073468676,0.114518186,0.063695015,1651684889
https://www.tradingview.com/,TRUE,3019354,0.38,2279612.27,0.001719674,0.760095925,0.422765353,0.658979092,0.366524171,1651678685
https://unsplash.com/,unknown,1390098,0.62,1049523.99,0.000791731,0.349944997,0.194639407,0.303391228,0.168746201,1651684818
https://www.fiverr.com/,TRUE,1648026,0.61,1244259.63,0.000938634,0.414876112,0.230754093,0.359684448,0.20005649,1651685335
https://www.cnet.com/,TRUE,5438834,0.2,4106319.67,0.00309769,1.369178824,0.761537262,1.187034673,0.660228685,1651685469
https://www.usatoday.com/,unknown,3027301,0.33,2285612.255,0.0017242,0.762096513,0.42387808,0.660713538,0.36748887,1651686100
https://www.aol.com/,unknown,3101085,0.32,2341319.175,0.001766224,0.780670988,0.434209204,0.67681702,0.376445626,1651684889
https://www.nasa.gov/,unknown,10056718,0.08,7592822.09,0.005727807,2.531690676,1.408126354,2.194895627,1.220800948,1651678752
https://www.instructure.com/,TRUE,2802006,0.41,2115514.53,0.001595883,0.70538047,0.392332617,0.611542525,0.340139952,1651684819
https://weather.com/?Goto=Redirected,TRUE,2006735,0.54,1515084.925,0.001142937,0.505177961,0.280979982,0.437973291,0.243600744,1651686063
https://www.w3schools.com/,unknown,1126510,0.69,850515.05,0.000641604,0.283589026,0.157732216,0.245862703,0.136748836,1651684951
https://nginx.org/,TRUE,238880,0.95,180354.4,0.000136054,0.060135948,0.033447614,0.052135962,0.028998022,1651685345
https://www.dailymotion.com/,unknown,2695522,0.37,2035119.11,0.001535235,0.678574055,0.37742289,0.588302213,0.327213691,1651684924
https://www.intuit.com/,TRUE,4085585,0.28,3084616.675,0.002326946,1.028510241,0.572057396,0.891685802,0.495955643,1651684890
https://www.grammarly.com/,unknown,2641926,0.38,1994654.13,0.00150471,0.665081732,0.369918459,0.576604795,0.320707587,1651684830
https://trello.com/,unknown,1028336,0.72,776393.68,0.000585689,0.258874581,0.143986042,0.224436063,0.124831338,1651685699
https://www.indiatimes.com/,TRUE,2706691,0.42,2043551.705,0.001541597,0.681385753,0.378986756,0.590739866,0.328569513,1651678746
https://bitly.com/,unknown,1554303,0.58,1173498.765,0.000885254,0.391282167,0.217631141,0.339229245,0.188679306,1651684973
https://www.binance.com/en,unknown,2833516,0.35,2139304.58,0.00161383,0.713312836,0.396744599,0.618419635,0.343965001,1651678721
https://www.yelp.com/,TRUE,2174047,0.5,1641405.485,0.001238229,0.547297291,0.304406753,0.474489416,0.263911013,1651685042
https://www.google.co.uk/,TRUE,796743,0.83,601540.965,0.000453785,0.200573072,0.111558743,0.173890501,0.096717896,1651684816
https://choice.npr.org/index.html?origin=https://www.npr.org/,unknown,301600,0.93,227708,0.000171776,0.075925158,0.042229573,0.065824708,0.036611702,1651685079
https://www.telegraph.co.uk/,unknown,2870510,0.35,2167235.05,0.0016349,0.722625752,0.401924443,0.626493638,0.348455761,1651684967
https://www.hubspot.com/,TRUE,2982985,0.39,2252153.675,0.00169896,0.750940348,0.417673021,0.651041496,0.36210928,1651685106
https://www.eventbrite.com/,unknown,1874244,0.5,1415054.22,0.001067476,0.471824512,0.262428793,0.409056907,0.227517452,1651684826
https://line.me/en/,unknown,3187307,0.32,2406416.785,0.001815332,0.802376622,0.446281877,0.695635116,0.386912252,1651685282
https://www.deviantart.com/,unknown,4325626,0.22,3265847.63,0.002463662,1.08893846,0.605667572,0.944075154,0.525094601,1651684900
https://www.ilovepdf.com/,TRUE,478235,0.9,361067.425,0.000272379,0.120391473,0.066961737,0.104375594,0.058053705,1651685343
https://themeforest.net/,TRUE,1003395,0.77,757563.225,0.000571484,0.252595903,0.140493841,0.218992647,0.12180371,1651685033
https://www.espn.nl/,unknown,4597350,0.21,3470999.25,0.002618422,1.157342597,0.643713953,1.003379374,0.558079608,1651685054
https://www.nginx.com/,TRUE,4785082,0.24,3612736.91,0.002725345,1.204602484,0.669999902,1.044352199,0.580868693,1651686160
https://www.iqiyi.com/,unknown,3953328,0.25,2984762.64,0.002251619,0.995215699,0.553538972,0.862820489,0.479900756,1651686101
https://www.surveymonkey.com/,unknown,6579646,0.14,4967632.73,0.003747439,1.656368254,0.921272023,1.436018812,0.798713663,1651678705
https://www.goodreads.com/,unknown,2376771,0.42,1794462.105,0.001353691,0.598331283,0.332791859,0.51873427,0.288520001,1651685296
https://www.kompas.com/,unknown,3134262,0.32,2366367.81,0.00178512,0.789023008,0.438854597,0.684057956,0.380473035,1651684987
https://www.hupu.com/,unknown,4840855,0.2,3654845.525,0.002757111,1.218642848,0.677809152,1.05652475,0.587639066,1651685578
https://time.com/,unknown,30705086,0.01,23182339.93,0.017488092,7.729736475,4.299279427,6.701436691,3.727339087,1651685589
https://linktr.ee/,unknown,7050454,0.13,5323092.77,0.004015588,1.774890044,0.987193843,1.53877345,0.855865793,1651684901
https://mega.io/?nz=1,unknown,3652697,0.27,2757786.235,0.002080395,0.919534478,0.511445077,0.797207267,0.443406682,1651679051
https://wetransfer.com/,TRUE,1984735,0.54,1498474.925,0.001130406,0.499639653,0.277899575,0.433171754,0.240930129,1651684934
https://www.udemy.com/,TRUE,1712555,0.6,1292979.025,0.000975386,0.431120722,0.239789346,0.373768011,0.207889768,1651685055
https://www.foxnews.com/,TRUE,5569793,0.2,4205193.715,0.003172277,1.402146606,0.779873942,1.215616695,0.676126006,1651678710
https://www.scribd.com/,unknown,1862694,0.51,1406333.97,0.001060898,0.4689169,0.26081158,0.4065361,0.226115379,1651685615
https://stripe.com/,TRUE,754498,0.84,569645.99,0.000429725,0.189938263,0.105643662,0.164670458,0.091589709,1651685604
https://store.steampowered.com/,TRUE,6513720,0.17,4917858.6,0.003709891,1.639771961,0.912041165,1.421630351,0.790710801,1651678716
https://cpanel.net/,unknown,1549130,0.58,1169593.15,0.000882307,0.38997991,0.216906826,0.338100229,0.188051348,1651678726
https://www.ted.com/,unknown,2206344,0.44,1665789.72,0.001256624,0.555427778,0.30892893,0.481538291,0.267831597,1651686006
https://www.rakuten.co.jp/,unknown,6411428,0.14,4840628.14,0.003651631,1.614020846,0.897718394,1.39930495,0.778293413,1651684863
https://www.patreon.com/,TRUE,5427361,0.2,4097657.555,0.003091155,1.366290597,0.75993083,1.184530672,0.658835959,1651684867
https://youdao.com/,unknown,3695983,0.27,2790467.165,0.002105048,0.93043135,0.517505917,0.806654509,0.448661238,1651685664
https://mailchimp.com/,TRUE,1905747,0.56,1438838.985,0.001085419,0.479755116,0.266839796,0.41593249,0.231341651,1651684825
https://slack.com/,TRUE,16303450,0.05,12309104.75,0.009285635,4.104250746,2.282784265,3.558255398,1.979101653,1651685250
https://www.google.fr/,TRUE,170826,0.96,128973.63,9.73E-05,0.043003949,0.023918797,0.037283062,0.020736839,1651678688
https://www.tripadvisor.com/,unknown,2772612,0.36,2093322.06,0.001579142,0.697980788,0.388216914,0.605127235,0.336571768,1651684885
https://www.wired.com/,unknown,11217617,0.06,8469300.835,0.006388997,2.823936832,1.570673666,2.448263787,1.361724319,1651684878
https://www.google.co.jp/,TRUE,170984,0.96,129092.92,9.74E-05,0.043043724,0.02394092,0.037317546,0.020756019,1651684865
https://www.healthline.com/,unknown,53161561,0.01,40136978.56,0.030278184,13.38295737,7.443600892,11.60260015,6.453366203,1651684830
https://www.addtoany.com/,TRUE,103079,0.98,77824.645,5.87E-05,0.025949235,0.014432965,0.022497165,0.012512923,1651684905
https://www.independent.co.uk/us,unknown,2678266,0.37,2022090.83,0.001525407,0.674230008,0.375006731,0.584536062,0.325118957,1651685673
https://www.varzesh3.com/,unknown,4198498,0.23,3169865.99,0.002391256,1.0569351,0.587867302,0.916329254,0.509662331,1651685467
https://www.scorecardresearch.com/home.aspx,unknown,216427,0.95,163402.385,0.000123266,0.054483602,0.030303779,0.047235557,0.026272417,1651686077
https://www.detik.com/,unknown,4491966,0.22,3391434.33,0.002558401,1.130813098,0.628958245,0.980379139,0.545286877,1651684877
https://www.avito.ru/,unknown,3794029,0.26,2864491.895,0.00216089,0.955113571,0.531234168,0.828053214,0.460563198,1651685397
https://myspace.com/,unknown,7006955,0.13,5290251.025,0.003990813,1.763939552,0.981103179,1.52927972,0.85058538,1651685065
https://www.zendesk.com/,unknown,2611435,0.38,1971633.425,0.001487344,0.657405889,0.365649156,0.569950083,0.317006236,1651684914
https://www.google.ru/,TRUE,170984,0.96,129092.92,9.74E-05,0.043043724,0.02394092,0.037317546,0.020756019,1651679078
https://www.webmd.com/,TRUE,5053999,0.22,3815769.245,0.002878507,1.272299984,0.707653251,1.103043787,0.613512954,1651678699
https://www.mysql.com/,unknown,931836,0.75,703536.18,0.000530727,0.234581552,0.130474259,0.203374775,0.11311705,1651684883
https://www.ca.gov/,unknown,3554109,0.28,2683352.295,0.002024244,0.894715813,0.497640935,0.77569027,0.431438928,1651684870
https://cpanel.net/,TRUE,1549967,0.63,1170225.085,0.000882784,0.390190617,0.217024021,0.338282906,0.188152952,1651686316
https://www.statista.com/,TRUE,1609737,0.62,1215351.435,0.000916826,0.405237191,0.225392926,0.351327809,0.195408527,1651685195
https://www.berkeley.edu/,TRUE,2282195,0.48,1723057.225,0.001299825,0.574522603,0.319549472,0.498092899,0.277039271,1651686213
https://pixabay.com/,TRUE,2663341,0.43,2010822.455,0.001516907,0.67047277,0.372916955,0.581278655,0.323307188,1651684952
https://www.zillow.com/,unknown,1601357,0.58,1209024.535,0.000912053,0.4031276,0.224219571,0.34949886,0.194391266,1651685698
https://www.deepl.com/translator-mobile,TRUE,1333058,0.68,1006458.79,0.000759244,0.335585676,0.186652753,0.290942152,0.161822025,1651684846
https://pki.goog/,TRUE,405720,0.92,306318.6,0.000231078,0.102136457,0.056808297,0.088549073,0.049250994,1651685322
https://www.digikala.com/,unknown,5569811,0.17,4205207.305,0.003172288,1.402151137,0.779876462,1.215620624,0.676128191,1651686611
https://www.shutterstock.com/,unknown,7486428,0.12,5652253.14,0.004263897,1.88464268,1.048238259,1.633925509,0.908789368,1651685323
https://stackexchange.com/,unknown,1059159,0.71,799665.045,0.000603244,0.266634002,0.148301832,0.231163234,0.128572991,1651685311
https://www.latimes.com/,unknown,5989957,0.15,4522417.535,0.003411582,1.507919213,0.838704666,1.307318195,0.72713038,1651684862
https://www.squarespace.com/,unknown,4241164,0.23,3202078.82,0.002415556,1.067675891,0.593841331,0.92564118,0.514841624,1651685455
https://www.livejournal.com/,unknown,2815656,0.35,2125820.28,0.001603658,0.708816738,0.394243869,0.61452166,0.341796947,1651678687
https://www.huffpost.com/,unknown,5378685,0.18,4060907.175,0.003063432,1.35403684,0.753115291,1.173907053,0.652927103,1651686207
https://www.google.ca/,TRUE,796260,0.83,601176.3,0.00045351,0.200451481,0.111491114,0.173785085,0.096659264,1651684898
https://techcrunch.com/,unknown,3704929,0.27,2797221.395,0.002110143,0.932683427,0.518758522,0.808606989,0.449747207,1651685561
https://loc.gov/,TRUE,5618419,0.2,4241906.345,0.003199972,1.414387775,0.786682481,1.226229402,0.682028793,1651684818
https://www.reddit.com/,unknown,6119136,0.15,4619947.68,0.003485156,1.540438895,0.856792113,1.335511729,0.742811624,1651685010
https://www.ft.com/,unknown,1768340,0.53,1335096.7,0.001007159,0.445164107,0.247600276,0.385943181,0.214661597,1651685511
https://www.roblox.com/,unknown,1913865,0.5,1444968.075,0.001090042,0.481798751,0.267976466,0.417704257,0.232327108,1651685095
https://www.amazon.ca/,unknown,3434220,0.29,2592836.1,0.001955961,0.864534807,0.48085426,0.749524294,0.416885412,1651684930
https://www.amazon.com/,unknown,3214515,0.31,2426958.825,0.001830828,0.809225997,0.4500915,0.701573308,0.390215074,1651679048
https://steamcommunity.com/,TRUE,6280938,0.18,4742108.19,0.00357731,1.581171131,0.879447383,1.370825288,0.762453025,1651684885
https://www.google.com/business/?ppsrc=GPDA2,TRUE,810441,0.83,611882.955,0.000461587,0.204021424,0.113476716,0.176880112,0.098380718,1651686003
https://www.douyu.com/,unknown,11348232,0.06,8567915.16,0.006463389,2.856818014,1.58896218,2.476770731,1.377579881,1651684904
https://www.theverge.com/,unknown,4771761,0.2,3602679.555,0.002717758,1.201249039,0.668134716,1.041444868,0.579251636,1651686117
https://www.chase.com/,unknown,3685613,0.27,2782637.815,0.002099142,0.927820793,0.516053925,0.804391239,0.447402407,1651685557
https://en.savefrom.net/132/,TRUE,615122,0.87,464417.11,0.000350343,0.154851576,0.086128447,0.134251412,0.074670635,1651686058
https://www.speedtest.net/,unknown,3290992,0.31,2484698.96,0.001874386,0.828478412,0.460799693,0.718264542,0.399498738,1651685453
https://www.tandfonline.com/,TRUE,1554987,0.63,1174015.185,0.000885643,0.391454358,0.217726914,0.33937853,0.188762338,1651685154
https://fb.com/,TRUE,423456,0.91,319709.28,0.00024118,0.106601339,0.059291665,0.092419985,0.051403995,1651685540
https://www.salesforce.com/?bc=SM,unknown,2184790,0.45,1649516.45,0.001244348,0.550001747,0.305910972,0.476834094,0.265215123,1651686357
https://onlyfans.com/,unknown,1757654,0.53,1327028.77,0.001001072,0.442474,0.246104039,0.383610943,0.213364407,1651685109
https://www.snapchat.com/,TRUE,25090890,0.02,18943621.95,0.014290524,6.316411803,3.513188245,5.476128966,3.045822931,1651685363
https://www.free.fr/freebox/,unknown,1793162,0.52,1353837.31,0.001021296,0.451412828,0.251075815,0.391360624,0.217674779,1651679042
https://www.addthis.com/,TRUE,414020,0.91,312585.1,0.000235805,0.104225909,0.057970451,0.090360562,0.050258544,1651684898
https://www.cambridge.org/,TRUE,2773393,0.41,2093911.715,0.001579587,0.698177397,0.388326268,0.605297689,0.336666575,1651686064
https://azure.microsoft.com/en-us/,unknown,1174256,0.68,886563.28,0.000668798,0.295608663,0.164417539,0.256283348,0.142544798,1651684916
https://www.ikea.com/,TRUE,1818506,0.58,1372972.03,0.001035731,0.457792958,0.254624443,0.396891995,0.220751327,1651685295
https://www.kickstarter.com/,unknown,2021469,0.48,1526209.095,0.001151328,0.508887116,0.283043014,0.441189011,0.245389328,1651685393
https://www.cornell.edu/,unknown,11112335,0.06,8389812.925,0.006329034,2.797433011,1.555932241,2.425285814,1.34894397,1651684974
https://www.investopedia.com/,unknown,1067397,0.7,805884.735,0.000607936,0.268707846,0.149455304,0.232961191,0.129573015,1651685104
https://www.apple.com/apple-news/,TRUE,2648395,0.43,1999538.225,0.001508394,0.666710246,0.370824239,0.578016666,0.321492869,1651685419
https://www.prnewswire.com/,unknown,2875851,0.35,2171267.505,0.001637942,0.723970302,0.402672282,0.62765932,0.349104114,1651684892
https://www.debian.org/,unknown,1236853,0.66,933824.015,0.00070445,0.31136691,0.173182275,0.269945249,0.150143547,1651685576
https://www.smzdm.com/,unknown,7100461,0.13,5360848.055,0.00404407,1.787478869,0.994195747,1.549687562,0.861936222,1651684936
https://www.amazon.it/,TRUE,3455260,0.33,2608721.3,0.001967944,0.869831443,0.483800248,0.75411631,0.419439491,1651685220
https://www.pexels.com/,TRUE,1220837,0.71,921731.935,0.000695328,0.307335022,0.170939739,0.26644973,0.14819934,1651679066
https://www.daum.net/,unknown,3141126,0.32,2371550.13,0.001789029,0.790750959,0.439815684,0.685556035,0.381306267,1651684874
https://www.ifeng.com/,unknown,6289060,0.14,4748240.3,0.003581936,1.583215773,0.880584613,1.372597928,0.763438968,1651686008
https://www.opendns.com/,unknown,3087761,0.32,2331259.555,0.001758635,0.777316788,0.432343598,0.673909034,0.374828205,1651684975
https://www.huffpost.com/,unknown,4930662,0.19,3722649.81,0.00280826,1.241250974,0.690383792,1.076125279,0.59854088,1651684828
https://www.intel.com/content/www/us/en/homepage.html,unknown,2002035,0.48,1511536.425,0.00114026,0.503994777,0.280321895,0.436947508,0.243030204,1651685637
https://www.theatlantic.com/,unknown,1924066,0.49,1452669.83,0.001095852,0.484366764,0.269404794,0.419930642,0.233565423,1651679040
https://www.washington.edu/,TRUE,8747416,0.12,6604299.08,0.004982094,2.202085365,1.22479988,1.909138262,1.061862701,1651685338
https://www.dell.com/nl-nl,unknown,1920432,0.49,1449926.16,0.001093783,0.483451936,0.268895967,0.419137516,0.233124286,1651685716
https://www.nationalgeographic.com/,unknown,6070270,0.15,4583053.85,0.003457324,1.528137307,0.84994997,1.324846643,0.736879703,1651684876
https://www.fda.gov/,TRUE,1977448,0.55,1492973.24,0.001126256,0.497805215,0.27687926,0.431581354,0.240045549,1651686002
https://global.oup.com/?cc=gb,unknown,1395488,0.62,1053593.44,0.000794801,0.351301882,0.195394107,0.304567604,0.169400502,1651684912
https://www.huawei.com/en/?ic_medium=direct&ic_source=surlent,unknown,1136866,0.69,858333.83,0.000647502,0.286196058,0.159182248,0.248122918,0.138005967,1651684988
https://www.cisco.com/,unknown,3772814,0.26,2848474.57,0.002148807,0.949772881,0.528263676,0.823423004,0.457987875,1651685056
https://www.google.com.tw/,TRUE,171011,0.96,129113.305,9.74E-05,0.043050521,0.0239447,0.037323439,0.020759297,1651685683
https://www.ietf.org/,unknown,665010,0.84,502082.55,0.000378757,0.167410443,0.093113688,0.145139552,0.080726619,1651685411
https://www.google.com/business/,TRUE,824221,0.82,622286.855,0.000469435,0.207490418,0.11540617,0.17988762,0.100053494,1651684914
https://www.nbcnews.com/,TRUE,6414086,0.17,4842634.93,0.003653145,1.614689974,0.898090563,1.399885063,0.778616072,1651685118
https://www.cbsnews.com/,unknown,3595312,0.27,2714460.56,0.002047711,0.905088307,0.503410116,0.784682894,0.436440626,1651685472
https://www.android.com/,TRUE,544629,0.89,411194.895,0.000310194,0.137105581,0.076258124,0.118866196,0.066113378,1651685550
https://www.nicovideo.jp/,unknown,4077400,0.24,3078437,0.002322284,1.026449739,0.570911345,0.889899412,0.494962053,1651686014
https://www.britannica.com/,unknown,3217787,0.31,2429429.185,0.001832692,0.810049695,0.45054964,0.702287428,0.390612267,1651678738
https://www.upwork.com/,TRUE,2685677,0.43,2027686.135,0.001529628,0.676095663,0.376044408,0.586153525,0.32601859,1651686177
https://www.tistory.com/,unknown,12152024,0.06,9174778.12,0.006921189,3.05916561,1.701507913,2.652199688,1.475153466,1651684829
https://www.trustpilot.com/,TRUE,2101255,0.51,1586447.525,0.00119677,0.528972543,0.294214528,0.45860244,0.255074677,1651685012
https://www.zoho.com/,unknown,1181358,0.67,891925.29,0.000672843,0.29739653,0.16541195,0.257833372,0.143406921,1651684971
https://www.liputan6.com/,TRUE,7492604,0.14,5656916.02,0.004267415,1.886197434,1.049103013,1.635273432,0.909539083,1651684883
https://www.taboola.com/,unknown,5907672,0.15,4460292.36,0.003364716,1.487204685,0.827183246,1.289359356,0.717141674,1651678665
https://suara.com/,unknown,3442083,0.29,2598772.665,0.001960439,0.866514248,0.481955225,0.751240407,0.417839914,1651685112
https://bern.craigslist.org/,unknown,439683,0.89,331960.665,0.000250422,0.110686344,0.061563745,0.095961555,0.053373817,1651686042
https://www.uol.com.br/,unknown,2458279,0.4,1856000.645,0.001400114,0.618850208,0.344204486,0.536523529,0.298414387,1651685159
https://www.irs.gov/,unknown,3702834,0.27,2795639.67,0.00210895,0.932156029,0.518465183,0.808149752,0.449492892,1651684878
https://www.cctv.com/,unknown,3993743,0.25,3015275.965,0.002274638,1.005389822,0.559197819,0.87164113,0.484806797,1651685601
https://sitemaps.org/,unknown,54053,0.98,40810.015,3.08E-05,0.013607369,0.007568419,0.011797158,0.006561579,1651686298
https://www.pinterest.com/,unknown,6588053,0.14,4973980.015,0.003752228,1.658484642,0.922449158,1.437853654,0.799734202,1651678678
https://www.wikihow.com/Main-Page,unknown,1201962,0.67,907481.31,0.000684578,0.302583406,0.168296891,0.262330229,0.145908073,1651679061
https://telewebion.com/,unknown,2377149,0.42,1794747.495,0.001353906,0.598426441,0.332844786,0.51881677,0.288565887,1651686625
https://www.feishu.cn/,unknown,9829691,0.09,7421416.705,0.005598504,2.474538618,1.376338379,2.145346602,1.19324178,1651685458
https://www.academia.edu/,unknown,3213993,0.31,2426564.715,0.001830531,0.809094589,0.45001841,0.701459381,0.390151708,1651685158
https://us.sagepub.com/en-us/nam/home,unknown,1134885,0.69,856838.175,0.000646374,0.285697359,0.158904871,0.247690561,0.13776549,1651686196
https://www.marriott.com/default.mi,TRUE,17411678,0.04,13145816.89,0.009916827,4.383237439,2.437956664,3.800128024,2.113631207,1651686291
https://www.usnews.com/,TRUE,2767701,0.41,2089614.255,0.001576345,0.696744486,0.387529283,0.604055401,0.335975614,1651685640
https://www.buzzfeed.com/,unknown,2757646,0.36,2082022.73,0.001570618,0.694213228,0.386121397,0.60186088,0.334755022,1651678706
https://www.amazon.fr/,TRUE,3377476,0.34,2549994.38,0.001923643,0.850250002,0.472909051,0.737139821,0.409997168,1651686281
https://www.bankofamerica.com/,unknown,2878230,0.35,2173063.65,0.001639297,0.724569194,0.403005386,0.628178541,0.349392905,1651684877
https://bandcamp.com/,unknown,4537010,0.22,3425442.55,0.002584055,1.142152531,0.635265238,0.990210067,0.55075484,1651684838
https://yandex.com/,unknown,200732,0.95,151552.66,0.000114327,0.050532523,0.028106189,0.043810097,0.024367176,1651684857
https://giphy.com/,unknown,19159174,0.03,14465176.37,0.010912114,4.823154252,2.682638395,4.181521967,2.325762518,1651685023
https://nga.cn/,unknown,4800843,0.2,3624636.465,0.002734322,1.208570178,0.672206733,1.047792064,0.582781946,1651684904
https://nypost.com/,unknown,3161282,0.32,2386767.91,0.001800509,0.795825056,0.442637896,0.689955116,0.383753036,1651685441
https://cnki.net/,unknown,1122032,0.69,847134.16,0.000639054,0.282461729,0.157105214,0.244885372,0.136205244,1651685282
https://youradchoices.com/,unknown,375891,0.91,283797.705,0.000214089,0.094627267,0.052631686,0.082038843,0.045630005,1651678724
https://mailchimp.com/,TRUE,1313459,0.69,991661.545,0.000748081,0.3306518,0.183908531,0.286664637,0.159442871,1651679087
https://www.mayoclinic.org/,unknown,1710235,0.55,1291227.425,0.000974065,0.430536682,0.239464503,0.373261667,0.207608139,1651686092
https://dribbble.com/,unknown,3659337,0.27,2762799.435,0.002084177,0.92120604,0.512374799,0.798656458,0.444212722,1651686122
https://www.arnebrachhold.de/,TRUE,629452,0.87,475236.26,0.000358505,0.158459028,0.088134911,0.137378958,0.076410177,1651684848
https://www.princeton.edu/,unknown,1820145,0.51,1374209.475,0.001036664,0.458205562,0.254853934,0.397249709,0.220950288,1651685194
https://www.ltn.com.tw/,unknown,6144382,0.15,4639008.41,0.003499535,1.546794354,0.86032702,1.341021711,0.745876276,1651685405
https://disqus.com/,unknown,1272032,0.65,960384.16,0.000724486,0.320222915,0.178107985,0.277623125,0.154413982,1651684862
http://www.ntp.org/,unknown,17036,1,12862.18,9.70E-06,0.004288664,0.002385355,0.003718136,0.002068027,1651685241
https://www.marketwatch.com/,unknown,3378818,0.3,2551007.59,0.001924407,0.850587839,0.473096956,0.737432714,0.410160076,1651684971
https://www.state.gov/,unknown,7297101,0.12,5509311.255,0.004156066,1.836981266,1.02172898,1.592604573,0.885806663,1651678737
https://www.globo.com/,unknown,3025966,0.33,2284604.33,0.00172344,0.761760438,0.423691156,0.660422172,0.367326812,1651685173
https://accounts.google.com/ServiceLogin?service=mail&passive=1209600&osid=1&continue=https://mail.google.com/mail/u/0/&followup=https://mail.google.com/mail/u/0/&emr=1,TRUE,653791,0.86,493612.205,0.000372367,0.164586158,0.091542821,0.142690986,0.079364726,1651684964
https://www.google.es/,TRUE,170968,0.96,129080.84,9.74E-05,0.043039697,0.023938679,0.037314054,0.020754077,1651685403
https://www.primevideo.com/,unknown,1958879,0.49,1478953.645,0.00111568,0.493130632,0.274279257,0.427528638,0.237791429,1651684961
https://www.coursera.org/,unknown,2884386,0.35,2177711.43,0.001642803,0.726118913,0.403867339,0.629522098,0.350140191,1651684932
https://www.atlassian.com/software,TRUE,3028489,0.38,2286509.195,0.001724877,0.762395581,0.424044422,0.660972821,0.367633083,1651684833
https://hbr.org/,unknown,6527378,0.14,4928170.39,0.00371767,1.643210243,0.913953537,1.424611233,0.792368768,1651686031
https://statcounter.com/,TRUE,501978,0.89,378993.39,0.000285902,0.126368565,0.070286196,0.109557543,0.060935906,1651684846
https://www.jimdo.com/,unknown,1837655,0.51,1387429.525,0.001046637,0.462613551,0.257305657,0.401071296,0.223075855,1651685088
https://padlet.com/,TRUE,823463,0.82,621714.565,0.000469004,0.207299598,0.115300036,0.179722185,0.09996148,1651685574
https://www.hugedomains.com/,TRUE,486408,0.9,367238.04,0.000277034,0.122448954,0.068106108,0.106159365,0.059045839,1651684820
https://www.merriam-webster.com/,unknown,2486431,0.4,1877255.405,0.001416148,0.625937227,0.348146286,0.54266775,0.301831803,1651684874
https://www.messenger.com/,TRUE,714966,0.85,539799.33,0.000407209,0.179986429,0.100108452,0.156042533,0.086790857,1651679788
https://www.usda.gov/,unknown,1086148,0.7,820041.74,0.000618616,0.273428246,0.152080791,0.237053629,0.131849228,1651684817
https://www.ozon.ru/,unknown,1937268,0.49,1462637.34,0.001103372,0.487690252,0.271253318,0.422812001,0.235168035,1651685228
https://www.okta.com/,unknown,11797369,0.06,8907013.595,0.006719195,2.96988432,1.651849659,2.574795637,1.432101333,1651685119
https://www.marca.com/,unknown,3069748,0.32,2317659.74,0.001748376,0.772782173,0.429821445,0.669977667,0.372641578,1651684889
https://amp.dev/,TRUE,625123,0.87,471967.865,0.000356039,0.15736924,0.087528771,0.136434147,0.075884672,1651679072
https://opensea.io/,TRUE,7637275,0.14,5766142.625,0.004349812,1.922617091,1.069359626,1.666848121,0.927100925,1651684866
https://www.change.org/,TRUE,3731268,0.31,2817107.34,0.002125145,0.939314039,0.522446469,0.81435552,0.45294454,1651685017
https://pubmatic.com/,unknown,2856564,0.35,2156705.82,0.001626957,0.719114968,0.399971745,0.6234499,0.346762834,1651678736
https://www.economist.com/,TRUE,3522800,0.33,2659714,0.002006412,0.886834046,0.493257096,0.768857028,0.427638279,1651685300
https://www.amazon.es/,TRUE,4054704,0.28,3061301.52,0.002309358,1.02073622,0.567733485,0.884945971,0.492206949,1651684827
https://www.investing.com/,TRUE,6118195,0.18,4619237.225,0.00348462,1.540202006,0.856660356,1.335306355,0.742697394,1651678684
https://www.bet365.com/,unknown,328684,0.92,248156.42,0.000187202,0.082743318,0.046021834,0.071735836,0.039899472,1651685191
https://www.whitehouse.gov/,TRUE,1581681,0.63,1194169.155,0.000900847,0.398174339,0.221464567,0.34520454,0.192002765,1651685356
https://www.elsevier.com/,unknown,2015418,0.48,1521640.59,0.001147882,0.50736383,0.282195762,0.43986837,0.244654787,1651684816
https://launchpad.net/,unknown,341706,0.92,257988.03,0.000194619,0.086021493,0.047845154,0.07457791,0.041480233,1651684949
https://thenai.org/,unknown,12529299,0.06,9459620.745,0.007136066,3.154141287,1.754333384,2.734540591,1.520951477,1651685098
https://www.notion.so/,TRUE,5011995,0.22,3784056.225,0.002854583,1.261725845,0.701771915,1.093876343,0.608414022,1651684852
https://www.dcinside.com/,unknown,5253086,0.18,3966079.93,0.002991897,1.322418392,0.73552911,1.146494859,0.637680441,1651678732
https://www.criteo.com/,unknown,6885988,0.13,5198920.94,0.003921917,1.733487169,0.964165564,1.502878469,0.835901004,1651678745
https://www.pbs.org/,unknown,1657093,0.56,1251105.215,0.000943798,0.417158649,0.232023641,0.361663336,0.201157147,1651685326
https://donya-e-eqtesad.com/,unknown,1790200,0.52,1351601,0.001019609,0.450667171,0.25066108,0.390714163,0.217315217,1651685092
https://rubiconproject.com/,TRUE,451904,0.9,341187.52,0.000257382,0.113762874,0.063274911,0.098628808,0.054857343,1651686072
https://www.dmm.co.jp/age_check/=/?rurl=https%3A%2F%2Fwww.dmm.co.jp%2Ftop%2F,unknown,543541,0.87,410373.455,0.000309574,0.136831686,0.076105784,0.118628738,0.065981304,1651684835
https://www.allaboutcookies.org/verify,TRUE,63870,0.98,48221.85,3.64E-05,0.016078713,0.00894298,0.013939735,0.007753281,1651684857
https://www.albawabhnews.com/,TRUE,1420419,0.66,1072416.345,0.000809,0.357578043,0.198884907,0.310008837,0.172426915,1651685970
https://www.huya.com/,unknown,3353051,0.3,2531553.505,0.001909731,0.844101222,0.4694891,0.731809023,0.407032179,1651685459
https://akismet.com/,unknown,547649,0.87,413474.995,0.000311914,0.137865839,0.07668098,0.119525316,0.066479981,1651684860
https://www.businesswire.com/portal/site/home/,TRUE,5518214,0.2,4166251.57,0.003142901,1.389162044,0.772651929,1.204359492,0.669864749,1651685247
https://www.epa.gov/,unknown,40815371,0.01,30815605.11,0.023246408,10.27491217,5.714906151,8.908023406,4.954642618,1651685323
https://digg.com/,TRUE,4880949,0.23,3685116.495,0.002779946,1.228736162,0.683423053,1.065275333,0.59250614,1651684856
https://www.columbia.edu/,unknown,14785439,0.04,11163006.45,0.008421052,3.722104772,2.070234674,3.226946943,1.79482789,1651684900
https://www.box.com/en-nl/home,unknown,3073981,0.32,2320855.655,0.001750787,0.773847794,0.430414143,0.670901526,0.373155429,1651685092
https://www.envato.com/,TRUE,236751,0.95,178747.005,0.000134842,0.059599991,0.033149515,0.051671304,0.028739579,1651684969
https://www.typepad.com/,TRUE,4126150,0.28,3115243.25,0.00235005,1.038722124,0.577737246,0.900539181,0.500879893,1651684912
https://www.usps.com/,unknown,2075501,0.46,1567003.255,0.001182102,0.522489199,0.290608492,0.452981586,0.251948358,1651684853
https://www.google.com.br/,TRUE,796235,0.83,601157.425,0.000453496,0.200445188,0.111487613,0.173779629,0.096656229,1651684966
https://www.webex.com/,unknown,6092801,0.15,4600064.755,0.003470157,1.533809289,0.853104727,1.329764071,0.739614776,1651684878
https://www.fastly.com/,unknown,2437892,0.41,1840608.46,0.001388502,0.613717959,0.341349929,0.532074032,0.295939576,1651685430
https://www.ali213.net/,unknown,500053,0.88,377540.015,0.000284805,0.125883963,0.07001666,0.109137409,0.060702227,1651686622
https://www.geeksforgeeks.org/,TRUE,1938210,0.55,1463348.55,0.001103908,0.487927392,0.271385215,0.423017594,0.235282386,1651685213
https://www.redhat.com/en,unknown,2574368,0.39,1943647.84,0.001466232,0.648074597,0.360459091,0.561860148,0.312506614,1651684899
https://www.worldbank.org/en/home,unknown,1391552,0.62,1050621.76,0.000792559,0.350311028,0.194842994,0.303708566,0.168922704,1651685068
https://www.arcgis.com/index.html,unknown,871401,0.77,657907.755,0.000496307,0.21936757,0.122012242,0.190184735,0.105780749,1651685028
https://www.grid.id/,unknown,7988827,0.11,6031564.385,0.004550039,2.011117228,1.118583402,1.743574936,0.96977638,1651686354
https://www.airbnb.com/,unknown,3065685,0.33,2314592.175,0.001746062,0.771759348,0.42925255,0.66909091,0.372148364,1651666175
https://adsrvr.org/?AspxAutoDetectCookieSupport=1,unknown,628736,0.85,474695.68,0.000358097,0.158278781,0.088034658,0.13722269,0.07632326,1651666159
https://telegram.org/,unknown,1288656,0.64,972935.28,0.000733954,0.324407862,0.180435653,0.281251341,0.156431996,1651666155
https://www.google.com.sg/,TRUE,170850,0.96,128991.75,9.73E-05,0.043009991,0.023922157,0.0372883,0.020739752,1651666154
https://umich.edu/,unknown,2994464,0.33,2260820.32,0.001705498,0.753830085,0.419280294,0.653546807,0.363502734,1651666167
https://www.toutiao.com/?wid=1651685155303,unknown,3554355,0.28,2683538.025,0.002024384,0.894777741,0.49767538,0.77574396,0.431468791,1651685192
https://fextralife.com/,TRUE,630489,0.87,476019.195,0.000359095,0.158720084,0.088280111,0.137605285,0.07653606,1651684821
https://www.ups.com/us/en/global.page,unknown,3023131,0.33,2282463.905,0.001721825,0.761046752,0.423294203,0.659803428,0.366982667,1651685618
https://www.xiaohongshu.com/,unknown,41988005,0.01,31700943.78,0.023914282,10.57011251,5.87909658,9.163952749,5.096990519,1651685687
https://zhibo8.cc/index.html,unknown,6882241,0.13,5196091.955,0.003919783,1.732543895,0.963640914,1.50206068,0.83544615,1651686340
https://www.bet9ja.com/,unknown,1325227,0.64,1000546.385,0.000754783,0.33361429,0.185556268,0.289233023,0.160871407,1651684860
https://www.science.org/,unknown,10242811,0.08,7733322.305,0.005833796,2.578537959,1.434182813,2.235510738,1.243391072,1651684849
https://www.dotdashmeredith.com/,unknown,15722356,0.04,11870378.78,0.008954673,3.957965421,2.201420367,3.431430655,1.90856173,1651684877
https://www.fedex.com/global/choose-location.html,unknown,1438100,0.61,1085765.5,0.00081907,0.36202908,0.201360574,0.313867745,0.17457324,1651678740
https://www.abc.net.au/,unknown,4225580,0.23,3190312.9,0.00240668,1.063752756,0.591659283,0.922239946,0.512949858,1651685016
https://www.nike.com/be/en/,unknown,2351807,0.42,1775614.285,0.001339472,0.592046814,0.329296438,0.513285835,0.285489582,1651685538
https://www.wellsfargo.com/,unknown,2358241,0.42,1780471.955,0.001343137,0.593666517,0.330197317,0.514690067,0.286270615,1651685628
https://www.accuweather.com/,TRUE,1841264,0.58,1390154.32,0.001048693,0.463522086,0.257810984,0.401858967,0.223513957,1651685003
https://www.target.com/,unknown,3709320,0.27,2800536.6,0.002112644,0.933788823,0.519373343,0.809565332,0.450280238,1651685666
https://www.ieee.org//,unknown,14589488,0.05,11015063.44,0.008309448,3.672775824,2.042797914,3.184180307,1.771041087,1651685996
https://www.indexexchange.com/,unknown,4735846,0.2,3575563.73,0.002697303,1.192207752,0.663105952,1.033606359,0.574891857,1651684879
https://www.canada.ca/home.html,unknown,707007,0.82,533790.285,0.000402676,0.17798282,0.098994045,0.154305468,0.085824701,1651684876
https://www.y2mate.com/en344,TRUE,276608,0.95,208839.04,0.000157542,0.069633641,0.038730231,0.060370161,0.033577884,1651679056
https://www.verisign.com/,unknown,612017,0.85,462072.835,0.000348574,0.154069919,0.085693689,0.13357374,0.074293714,1651684921
https://www.dw.com/en/top-stories/s-9097,unknown,2359450,0.42,1781384.75,0.001343826,0.593970873,0.330366599,0.514953933,0.286417378,1651684966
,,,,,,,,,,
,,,,,,,,,,
,,,,,,,,,,
,,,,,,,,,,
,,,,,,,,,,
,,,,,,,,,,
,,,,,,,,,,
,,,,,,,,,,
,,,,,,,,,,
,,,,,,,,,,
,,,,,,,,,,
,,,,,,,,,,
,,,,,,,,,,
,,,,,,,,,,
,,,,,,,,,,
,,,,,,,,,,
,,,,,,,,,,
,,,,,,,,,,
,,,,,,,,,,
,,,,,,,,,,
,,,,,,,,,,
,,,,,,,,,,
,,,,,,,,,,
,,,,,,,,,,
,,,,,,,,,,
,,,,,,,,,,
,,,,,,,,,,
,,,,,,,,,,
,,,,,,,,,,
,,,,,,,,,,
,,,,,,,,,,
,,,,,,,,,,
,,,,,,,,,,
,,,,,,,,,,
,,,,,,,,,,
,,,,,,,,,,
,,,,,,,,,,
,,,,,,,,,,
,,,,,,,,,,
,,,,,,,,,,
,,,,,,,,,,
,,,,,,,,,,
,,,,,,,,,,
,,,,,,,,,,
,,,,,,,,,,
,,,,,,,,,,
,,,,,,,,,,
,,,,,,,,,,
,,,,,,,,,,
,,,,,,,,,,
,,,,,,,,,,
,,,,,,,,,,
,,,,,,,,,,
,,,,,,,,,,
,,,,,,,,,,
,,,,,,,,,,
,,,,,,,,,,
,,,,,,,,,,
,,,,,,,,,,
,,,,,,,,,,
,,,,,,,,,,
,,,,,,,,,,
,,,,,,,,,,
,,,,,,,,,,
,,,,,,,,,,
,,,,,,,,,,
,,,,,,,,,,
,,,,,,,,,,
,,,,,,,,,,
,,,,,,,,,,
,,,,,,,,,,
,,,,,,,,,,
,,,,,,,,,,
,,,,,,,,,,
,,,,,,,,,,
,,,,,,,,,,
,,,,,,,,,,
,,,,,,,,,,
,,,,,,,,,,
,,,,,,,,,,
,,,,,,,,,,
,,,,,,,,,,
,,,,,,,,,,
,,,,,,,,,,
,,,,,,,,,,
,,,,,,,,,,
,,,,,,,,,,
,,,,,,,,,,
,,,,,,,,,,
,,,,,,,,,,
,,,,,,,,,,
,,,,,,,,,,
,,,,,,,,,,
,,,,,,,,,,
,,,,,,,,,,
,,,,,,,,,,
,,,,,,,,,,
,,,,,,,,,,
,,,,,,,,,,
,,,,,,,,,,
,,,,,,,,,,
,,,,,,,,,,
,,,,,,,,,,
,,,,,,,,,,
,,,,,,,,,,
,,,,,,,,,,
,,,,,,,,,,
,,,,,,,,,,
,,,,,,,,,,
,,,,,,,,,,
,,,,,,,,,,
,,,,,,,,,,
,,,,,,,,,,
,,,,,,,,,,
,,,,,,,,,,
,,,,,,,,,,
,,,,,,,,,,
,,,,,,,,,,
,,,,,,,,,,
,,,,,,,,,,
,,,,,,,,,,
,,,,,,,,,,
,,,,,,,,,,
,,,,,,,,,,
,,,,,,,,,,
,,,,,,,,,,
,,,,,,,,,,
,,,,,,,,,,
,,,,,,,,,,
,,,,,,,,,,
,,,,,,,,,,
,,,,,,,,,,
,,,,,,,,,,
,,,,,,,,,,
,,,,,,,,,,
,,,,,,,,,,
,,,,,,,,,,
,,,,,,,,,,
,,,,,,,,,,
,,,,,,,,,,
,,,,,,,,,,
,,,,,,,,,,
,,,,,,,,,,
,,,,,,,,,,
,,,,,,,,,,
,,,,,,,,,,
,,,,,,,,,,
,,,,,,,,,,
,,,,,,,,,,
,,,,,,,,,,
,,,,,,,,,,
,,,,,,,,,,
,,,,,,,,,,
,,,,,,,,,,
,,,,,,,,,,
,,,,,,,,,,
,,,,,,,,,,
,,,,,,,,,,
,,,,,,,,,,
,,,,,,,,,,
,,,,,,,,,,
,,,,,,,,,,
,,,,,,,,,,
,,,,,,,,,,
,,,,,,,,,,
,,,,,,,,,,
,,,,,,,,,,
,,,,,,,,,,
,,,,,,,,,,
,,,,,,,,,,
,,,,,,,,,,
,,,,,,,,,,
,,,,,,,,,,
,,,,,,,,,,
,,,,,,,,,,
,,,,,,,,,,
,,,,,,,,,,
,,,,,,,,,,
,,,,,,,,,,
,,,,,,,,,,
,,,,,,,,,,
,,,,,,,,,,
,,,,,,,,,,
,,,,,,,,,,
,,,,,,,,,,
,,,,,,,,,,
,,,,,,,,,,
,,,,,,,,,,
,,,,,,,,,,
,,,,,,,,,,
,,,,,,,,,,
,,,,,,,,,,
,,,,,,,,,,
,,,,,,,,,,
,,,,,,,,,,
,,,,,,,,,,
,,,,,,,,,,
,,,,,,,,,,
,,,,,,,,,,
,,,,,,,,,,
,,,,,,,,,,
,,,,,,,,,,
,,,,,,,,,,
,,,,,,,,,,
,,,,,,,,,,
,,,,,,,,,,
,,,,,,,,,,
,,,,,,,,,,
,,,,,,,,,,
,,,,,,,,,,
,,,,,,,,,,
,,,,,,,,,,
,,,,,,,,,,
,,,,,,,,,,
,,,,,,,,,,
,,,,,,,,,,
,,,,,,,,,,
,,,,,,,,,,
,,,,,,,,,,
,,,,,,,,,,
,,,,,,,,,,
,,,,,,,,,,
,,,,,,,,,,
,,,,,,,,,,
,,,,,,,,,,
,,,,,,,,,,
,,,,,,,,,,
,,,,,,,,,,
,,,,,,,,,,
,,,,,,,,,,
,,,,,,,,,,
,,,,,,,,,,
,,,,,,,,,,
,,,,,,,,,,
